***  Initialising the KOGT R LMS v. 2.11  ***
Using connection profile "MariaDB"

Load LedaFlowCase - Uuid of the case is: fdd84235-e7a2-4651-b946-d45cd4deb638
Load pipe - Wellbore1
Load pipe - Line 1
Load pipe - Wellbore2
Load pipe - Line 2
Load pipe - Wellbore3
Load pipe - Wellbore4
Load pipe - Mainline
Purging KeepFirst - Wellbore1
   Reset time
Purging KeepFirst - Line 1
   Reset time
Purging KeepFirst - Wellbore2
   Reset time
Purging KeepFirst - Line 2
   Reset time
Purging KeepFirst - Wellbore3
   Reset time
Purging KeepFirst - Wellbore4
   Reset time
Purging KeepFirst - Mainline
   Reset time

Load LedaFlowCase - Uuid of the case is: fdd84235-e7a2-4651-b946-d45cd4deb638
Load pipe - Wellbore1
Load pipe - Line 1
Load pipe - Wellbore2
Load pipe - Line 2
Load pipe - Wellbore3
Load pipe - Wellbore4
Load pipe - Mainline
Validator (start)

Validator (end)
LedaFlow (start)
***  Initialising the KOGT R LMS v. 2.11  ***
 Multiflash: Using version 6.2.61  (July 2019           )
 Multiflash: Checking out license...
 Multiflash: License valid
 Using old solver
Starting dt of size  1.0000000000000E+00 (CFL 0.800,   0.00% completed)
Starting dt of size  1.0000000000000E+00 (CFL 0.800,   0.05% completed)
Starting dt of size  1.0000000000000E+00 (CFL 0.800,   0.10% completed)
Starting dt of size  1.0000000000000E+00 (CFL 0.800,   0.15% completed)
Starting dt of size  1.0000000000000E+00 (CFL 0.800,   0.20% completed)
Starting dt of size  1.0000000000000E+00 (CFL 0.800,   0.25% completed)
Starting dt of size  1.0000000000000E+00 (CFL 0.800,   0.30% completed)
Starting dt of size  1.0000000000000E+00 (CFL 0.800,   0.35% completed)
Starting dt of size  1.0000000000000E+00 (CFL 0.800,   0.40% completed)
Starting dt of size  1.0000000000000E+00 (CFL 0.800,   0.45% completed)
Starting dt of size  1.0000000000000E+00 (CFL 0.800,   0.50% completed)
Starting dt of size  1.0000000000000E+00 (CFL 0.800,   0.55% completed)
Starting dt of size  1.0000000000000E+00 (CFL 0.800,   0.60% completed)
Starting dt of size  1.0000000000000E+00 (CFL 0.800,   0.65% completed)
Starting dt of size  1.0000000000000E+00 (CFL 0.800,   0.70% completed)
Starting dt of size  1.0000000000000E+00 (CFL 0.800,   0.75% completed)
Starting dt of size  1.0000000000000E+00 (CFL 0.800,   0.80% completed)
Starting dt of size  1.0000000000000E+00 (CFL 0.800,   0.85% completed)
Starting dt of size  1.0000000000000E+00 (CFL 0.800,   0.90% completed)
Starting dt of size  1.0000000000000E+00 (CFL 0.800,   0.95% completed)
Starting dt of size  1.0000000000000E+00 (CFL 0.800,   1.00% completed)
Starting dt of size  1.0000000000000E+00 (CFL 0.800,   1.05% completed)
Starting dt of size  1.0000000000000E+00 (CFL 0.800,   1.10% completed)
Starting dt of size  1.0000000000000E+00 (CFL 0.800,   1.15% completed)
Starting dt of size  1.0000000000000E+00 (CFL 0.800,   1.20% completed)
Starting dt of size  1.0000000000000E+00 (CFL 0.800,   1.25% completed)
Starting dt of size  1.0000000000000E+00 (CFL 0.800,   1.30% completed)
Starting dt of size  1.0000000000000E+00 (CFL 0.800,   1.35% completed)
Starting dt of size  1.0000000000000E+00 (CFL 0.800,   1.40% completed)
Starting dt of size  1.0000000000000E+00 (CFL 0.800,   1.45% completed)
Starting dt of size  1.0000000000000E+00 (CFL 0.800,   1.50% completed)
Starting dt of size  1.0000000000000E+00 (CFL 0.800,   1.55% completed)
Starting dt of size  1.0000000000000E+00 (CFL 0.800,   1.60% completed)
Starting dt of size  1.0000000000000E+00 (CFL 0.800,   1.65% completed)
Starting dt of size  1.0000000000000E+00 (CFL 0.800,   1.70% completed)
Starting dt of size  1.0000000000000E+00 (CFL 0.800,   1.75% completed)
Starting dt of size  1.0000000000000E+00 (CFL 0.800,   1.80% completed)
Starting dt of size  1.0000000000000E+00 (CFL 0.800,   1.85% completed)
Starting dt of size  1.0000000000000E+00 (CFL 0.800,   1.90% completed)
Starting dt of size  1.0000000000000E+00 (CFL 0.800,   1.95% completed)
Starting dt of size  1.0000000000000E+00 (CFL 0.800,   2.00% completed)
Starting dt of size  1.0000000000000E+00 (CFL 0.800,   2.05% completed)
Starting dt of size  1.0000000000000E+00 (CFL 0.800,   2.10% completed)
Starting dt of size  1.0000000000000E+00 (CFL 0.800,   2.15% completed)
Starting dt of size  1.0000000000000E+00 (CFL 0.800,   2.20% completed)
Starting dt of size  1.0000000000000E+00 (CFL 0.800,   2.25% completed)
Starting dt of size  1.0000000000000E+00 (CFL 0.800,   2.30% completed)
Starting dt of size  1.0000000000000E+00 (CFL 0.800,   2.35% completed)
Starting dt of size  1.0000000000000E+00 (CFL 0.800,   2.40% completed)
Starting dt of size  1.0000000000000E+00 (CFL 0.800,   2.45% completed)
Starting dt of size  1.0000000000000E+00 (CFL 0.800,   2.50% completed)
Starting dt of size  1.0000000000000E+00 (CFL 0.800,   2.55% completed)
Starting dt of size  1.0000000000000E+00 (CFL 0.800,   2.60% completed)
Starting dt of size  1.0000000000000E+00 (CFL 0.800,   2.65% completed)
Starting dt of size  1.0000000000000E+00 (CFL 0.800,   2.70% completed)
Starting dt of size  1.0000000000000E+00 (CFL 0.800,   2.75% completed)
Starting dt of size  1.0000000000000E+00 (CFL 0.800,   2.80% completed)
Starting dt of size  1.0000000000000E+00 (CFL 0.800,   2.85% completed)
Starting dt of size  1.0000000000000E+00 (CFL 0.800,   2.90% completed)
Starting dt of size  1.0000000000000E+00 (CFL 0.800,   2.95% completed)
Starting dt of size  1.0000000000000E+00 (CFL 0.800,   3.00% completed)
Starting dt of size  1.0000000000000E+00 (CFL 0.800,   3.05% completed)
Starting dt of size  1.0000000000000E+00 (CFL 0.800,   3.10% completed)
Starting dt of size  1.0000000000000E+00 (CFL 0.800,   3.15% completed)
Starting dt of size  1.0000000000000E+00 (CFL 0.800,   3.20% completed)
Starting dt of size  1.0000000000000E+00 (CFL 0.800,   3.25% completed)
Starting dt of size  1.0000000000000E+00 (CFL 0.800,   3.30% completed)
Starting dt of size  1.0000000000000E+00 (CFL 0.800,   3.35% completed)
Starting dt of size  1.0000000000000E+00 (CFL 0.800,   3.40% completed)
Starting dt of size  1.0000000000000E+00 (CFL 0.800,   3.45% completed)
Starting dt of size  1.0000000000000E+00 (CFL 0.800,   3.50% completed)
Starting dt of size  1.0000000000000E+00 (CFL 0.800,   3.55% completed)
Starting dt of size  1.0000000000000E+00 (CFL 0.800,   3.60% completed)
Starting dt of size  1.0000000000000E+00 (CFL 0.800,   3.65% completed)
Starting dt of size  1.0000000000000E+00 (CFL 0.800,   3.70% completed)
Starting dt of size  1.0000000000000E+00 (CFL 0.800,   3.75% completed)
Starting dt of size  1.0000000000000E+00 (CFL 0.800,   3.80% completed)
Starting dt of size  1.0000000000000E+00 (CFL 0.800,   3.85% completed)
Starting dt of size  1.0000000000000E+00 (CFL 0.800,   3.90% completed)
Starting dt of size  1.0000000000000E+00 (CFL 0.800,   3.95% completed)
Starting dt of size  1.0000000000000E+00 (CFL 0.800,   4.00% completed)
Starting dt of size  1.0000000000000E+00 (CFL 0.800,   4.05% completed)
Starting dt of size  1.0000000000000E+00 (CFL 0.800,   4.10% completed)
Starting dt of size  1.0000000000000E+00 (CFL 0.800,   4.15% completed)
Starting dt of size  1.0000000000000E+00 (CFL 0.800,   4.20% completed)
Starting dt of size  1.0000000000000E+00 (CFL 0.800,   4.25% completed)
Starting dt of size  1.0000000000000E+00 (CFL 0.800,   4.30% completed)
Starting dt of size  1.0000000000000E+00 (CFL 0.800,   4.35% completed)
Starting dt of size  1.0000000000000E+00 (CFL 0.800,   4.40% completed)
Starting dt of size  1.0000000000000E+00 (CFL 0.800,   4.45% completed)
Starting dt of size  1.0000000000000E+00 (CFL 0.800,   4.50% completed)
Starting dt of size  1.0000000000000E+00 (CFL 0.800,   4.55% completed)
Starting dt of size  1.0000000000000E+00 (CFL 0.800,   4.60% completed)
Starting dt of size  1.0000000000000E+00 (CFL 0.800,   4.65% completed)
Starting dt of size  1.0000000000000E+00 (CFL 0.800,   4.70% completed)
Starting dt of size  1.0000000000000E+00 (CFL 0.800,   4.75% completed)
Starting dt of size  1.0000000000000E+00 (CFL 0.800,   4.80% completed)
Starting dt of size  1.0000000000000E+00 (CFL 0.800,   4.85% completed)
Starting dt of size  1.0000000000000E+00 (CFL 0.800,   4.90% completed)
Starting dt of size  1.0000000000000E+00 (CFL 0.800,   4.95% completed)
Starting dt of size  1.0000000000000E+00 (CFL 0.800,   5.00% completed)
Starting dt of size  1.0000000000000E+00 (CFL 0.800,   5.05% completed)
Starting dt of size  1.0000000000000E+00 (CFL 0.800,   5.10% completed)
Starting dt of size  1.0000000000000E+00 (CFL 0.800,   5.15% completed)
Starting dt of size  1.0000000000000E+00 (CFL 0.800,   5.20% completed)
Starting dt of size  1.0000000000000E+00 (CFL 0.800,   5.25% completed)
Starting dt of size  1.0000000000000E+00 (CFL 0.800,   5.30% completed)
Starting dt of size  1.0000000000000E+00 (CFL 0.800,   5.35% completed)
Starting dt of size  1.0000000000000E+00 (CFL 0.800,   5.40% completed)
Starting dt of size  1.0000000000000E+00 (CFL 0.800,   5.45% completed)
Starting dt of size  1.0000000000000E+00 (CFL 0.800,   5.50% completed)
Starting dt of size  1.0000000000000E+00 (CFL 0.800,   5.55% completed)
Starting dt of size  1.0000000000000E+00 (CFL 0.800,   5.60% completed)
Starting dt of size  1.0000000000000E+00 (CFL 0.800,   5.65% completed)
Starting dt of size  1.0000000000000E+00 (CFL 0.800,   5.70% completed)
Starting dt of size  1.0000000000000E+00 (CFL 0.800,   5.75% completed)
Starting dt of size  1.0000000000000E+00 (CFL 0.800,   5.80% completed)
Starting dt of size  1.0000000000000E+00 (CFL 0.800,   5.85% completed)
Starting dt of size  1.0000000000000E+00 (CFL 0.800,   5.90% completed)
Starting dt of size  1.0000000000000E+00 (CFL 0.800,   5.95% completed)
Starting dt of size  1.0000000000000E+00 (CFL 0.800,   6.00% completed)
Starting dt of size  1.0000000000000E+00 (CFL 0.800,   6.05% completed)
Starting dt of size  1.0000000000000E+00 (CFL 0.800,   6.10% completed)
Starting dt of size  1.0000000000000E+00 (CFL 0.800,   6.15% completed)
Starting dt of size  1.0000000000000E+00 (CFL 0.800,   6.20% completed)
Starting dt of size  1.0000000000000E+00 (CFL 0.800,   6.25% completed)
Starting dt of size  1.0000000000000E+00 (CFL 0.800,   6.30% completed)
Starting dt of size  1.0000000000000E+00 (CFL 0.800,   6.35% completed)
Starting dt of size  1.0000000000000E+00 (CFL 0.800,   6.40% completed)
Starting dt of size  1.0000000000000E+00 (CFL 0.800,   6.45% completed)
Starting dt of size  1.0000000000000E+00 (CFL 0.800,   6.50% completed)
Starting dt of size  1.0000000000000E+00 (CFL 0.800,   6.55% completed)
Starting dt of size  1.0000000000000E+00 (CFL 0.800,   6.60% completed)
Starting dt of size  1.0000000000000E+00 (CFL 0.800,   6.65% completed)
Starting dt of size  1.0000000000000E+00 (CFL 0.800,   6.70% completed)
Starting dt of size  1.0000000000000E+00 (CFL 0.800,   6.75% completed)
Starting dt of size  1.0000000000000E+00 (CFL 0.800,   6.80% completed)
Starting dt of size  1.0000000000000E+00 (CFL 0.800,   6.85% completed)
Starting dt of size  1.0000000000000E+00 (CFL 0.800,   6.90% completed)
Starting dt of size  1.0000000000000E+00 (CFL 0.800,   6.95% completed)
Starting dt of size  1.0000000000000E+00 (CFL 0.800,   7.00% completed)
Starting dt of size  1.0000000000000E+00 (CFL 0.800,   7.05% completed)
Starting dt of size  1.0000000000000E+00 (CFL 0.800,   7.10% completed)
Starting dt of size  1.0000000000000E+00 (CFL 0.800,   7.15% completed)
Starting dt of size  1.0000000000000E+00 (CFL 0.800,   7.20% completed)
Starting dt of size  1.0000000000000E+00 (CFL 0.800,   7.25% completed)
Starting dt of size  1.0000000000000E+00 (CFL 0.800,   7.30% completed)
Starting dt of size  1.0000000000000E+00 (CFL 0.800,   7.35% completed)
Starting dt of size  1.0000000000000E+00 (CFL 0.800,   7.40% completed)
Starting dt of size  1.0000000000000E+00 (CFL 0.800,   7.45% completed)
Starting dt of size  1.0000000000000E+00 (CFL 0.800,   7.50% completed)
Starting dt of size  1.0000000000000E+00 (CFL 0.800,   7.55% completed)
Starting dt of size  1.0000000000000E+00 (CFL 0.800,   7.60% completed)
Starting dt of size  1.0000000000000E+00 (CFL 0.800,   7.65% completed)
Starting dt of size  1.0000000000000E+00 (CFL 0.800,   7.70% completed)
Starting dt of size  1.0000000000000E+00 (CFL 0.800,   7.75% completed)
Starting dt of size  1.0000000000000E+00 (CFL 0.800,   7.80% completed)
Starting dt of size  1.0000000000000E+00 (CFL 0.800,   7.85% completed)
Starting dt of size  1.0000000000000E+00 (CFL 0.800,   7.90% completed)
Starting dt of size  1.0000000000000E+00 (CFL 0.800,   7.95% completed)
Starting dt of size  1.0000000000000E+00 (CFL 0.800,   8.00% completed)
Starting dt of size  1.0000000000000E+00 (CFL 0.800,   8.05% completed)
Starting dt of size  1.0000000000000E+00 (CFL 0.800,   8.10% completed)
Starting dt of size  1.0000000000000E+00 (CFL 0.800,   8.15% completed)
Starting dt of size  1.0000000000000E+00 (CFL 0.800,   8.20% completed)
Starting dt of size  1.0000000000000E+00 (CFL 0.800,   8.25% completed)
Starting dt of size  1.0000000000000E+00 (CFL 0.800,   8.30% completed)
Starting dt of size  1.0000000000000E+00 (CFL 0.800,   8.35% completed)
Starting dt of size  1.0000000000000E+00 (CFL 0.800,   8.40% completed)
Starting dt of size  1.0000000000000E+00 (CFL 0.800,   8.45% completed)
Starting dt of size  1.0000000000000E+00 (CFL 0.800,   8.50% completed)
Starting dt of size  1.0000000000000E+00 (CFL 0.800,   8.55% completed)
Starting dt of size  1.0000000000000E+00 (CFL 0.800,   8.60% completed)
Starting dt of size  1.0000000000000E+00 (CFL 0.800,   8.65% completed)
Starting dt of size  1.0000000000000E+00 (CFL 0.800,   8.70% completed)
Starting dt of size  1.0000000000000E+00 (CFL 0.800,   8.75% completed)
Starting dt of size  1.0000000000000E+00 (CFL 0.800,   8.80% completed)
Starting dt of size  1.0000000000000E+00 (CFL 0.800,   8.85% completed)
Starting dt of size  1.0000000000000E+00 (CFL 0.800,   8.90% completed)
Starting dt of size  1.0000000000000E+00 (CFL 0.800,   8.95% completed)
Starting dt of size  1.0000000000000E+00 (CFL 0.800,   9.00% completed)
Starting dt of size  1.0000000000000E+00 (CFL 0.800,   9.05% completed)
Starting dt of size  1.0000000000000E+00 (CFL 0.800,   9.10% completed)
Starting dt of size  1.0000000000000E+00 (CFL 0.800,   9.15% completed)
Starting dt of size  1.0000000000000E+00 (CFL 0.800,   9.20% completed)
Starting dt of size  1.0000000000000E+00 (CFL 0.800,   9.25% completed)
Starting dt of size  1.0000000000000E+00 (CFL 0.800,   9.30% completed)
Starting dt of size  1.0000000000000E+00 (CFL 0.800,   9.35% completed)
Starting dt of size  1.0000000000000E+00 (CFL 0.800,   9.40% completed)
Starting dt of size  1.0000000000000E+00 (CFL 0.800,   9.45% completed)
Starting dt of size  1.0000000000000E+00 (CFL 0.800,   9.50% completed)
Starting dt of size  1.0000000000000E+00 (CFL 0.800,   9.55% completed)
Starting dt of size  1.0000000000000E+00 (CFL 0.800,   9.60% completed)
Starting dt of size  1.0000000000000E+00 (CFL 0.800,   9.65% completed)
Starting dt of size  1.0000000000000E+00 (CFL 0.800,   9.70% completed)
Starting dt of size  1.0000000000000E+00 (CFL 0.800,   9.75% completed)
Starting dt of size  1.0000000000000E+00 (CFL 0.800,   9.80% completed)
Starting dt of size  1.0000000000000E+00 (CFL 0.800,   9.85% completed)
Starting dt of size  1.0000000000000E+00 (CFL 0.800,   9.90% completed)
Starting dt of size  1.0000000000000E+00 (CFL 0.800,   9.95% completed)
Starting dt of size  1.0000000000000E+00 (CFL 0.800,  10.00% completed)
Starting dt of size  1.0000000000000E+00 (CFL 0.800,  10.05% completed)
Starting dt of size  1.0000000000000E+00 (CFL 0.800,  10.10% completed)
Starting dt of size  1.0000000000000E+00 (CFL 0.800,  10.15% completed)
Starting dt of size  1.0000000000000E+00 (CFL 0.800,  10.20% completed)
Starting dt of size  1.0000000000000E+00 (CFL 0.800,  10.25% completed)
Starting dt of size  1.0000000000000E+00 (CFL 0.800,  10.30% completed)
Starting dt of size  1.0000000000000E+00 (CFL 0.800,  10.35% completed)
Starting dt of size  1.0000000000000E+00 (CFL 0.800,  10.40% completed)
Starting dt of size  1.0000000000000E+00 (CFL 0.800,  10.45% completed)
Starting dt of size  1.0000000000000E+00 (CFL 0.800,  10.50% completed)
Starting dt of size  1.0000000000000E+00 (CFL 0.800,  10.55% completed)
Starting dt of size  1.0000000000000E+00 (CFL 0.800,  10.60% completed)
Starting dt of size  1.0000000000000E+00 (CFL 0.800,  10.65% completed)
Starting dt of size  1.0000000000000E+00 (CFL 0.800,  10.70% completed)
Starting dt of size  1.0000000000000E+00 (CFL 0.800,  10.75% completed)
Starting dt of size  1.0000000000000E+00 (CFL 0.800,  10.80% completed)
Starting dt of size  1.0000000000000E+00 (CFL 0.800,  10.85% completed)
Starting dt of size  1.0000000000000E+00 (CFL 0.800,  10.90% completed)
Starting dt of size  1.0000000000000E+00 (CFL 0.800,  10.95% completed)
Starting dt of size  1.0000000000000E+00 (CFL 0.800,  11.00% completed)
Starting dt of size  1.0000000000000E+00 (CFL 0.800,  11.05% completed)
Starting dt of size  1.0000000000000E+00 (CFL 0.800,  11.10% completed)
Starting dt of size  1.0000000000000E+00 (CFL 0.800,  11.15% completed)
Starting dt of size  1.0000000000000E+00 (CFL 0.800,  11.20% completed)
Starting dt of size  1.0000000000000E+00 (CFL 0.800,  11.25% completed)
Starting dt of size  1.0000000000000E+00 (CFL 0.800,  11.30% completed)
Starting dt of size  1.0000000000000E+00 (CFL 0.800,  11.35% completed)
Starting dt of size  1.0000000000000E+00 (CFL 0.800,  11.40% completed)
Starting dt of size  1.0000000000000E+00 (CFL 0.800,  11.45% completed)
Starting dt of size  1.0000000000000E+00 (CFL 0.800,  11.50% completed)
Starting dt of size  1.0000000000000E+00 (CFL 0.800,  11.55% completed)
Starting dt of size  1.0000000000000E+00 (CFL 0.800,  11.60% completed)
Starting dt of size  1.0000000000000E+00 (CFL 0.800,  11.65% completed)
Starting dt of size  1.0000000000000E+00 (CFL 0.800,  11.70% completed)
Starting dt of size  1.0000000000000E+00 (CFL 0.800,  11.75% completed)
Starting dt of size  1.0000000000000E+00 (CFL 0.800,  11.80% completed)
Starting dt of size  1.0000000000000E+00 (CFL 0.800,  11.85% completed)
Starting dt of size  1.0000000000000E+00 (CFL 0.800,  11.90% completed)
Starting dt of size  1.0000000000000E+00 (CFL 0.800,  11.95% completed)
Starting dt of size  1.0000000000000E+00 (CFL 0.800,  12.00% completed)
Starting dt of size  1.0000000000000E+00 (CFL 0.800,  12.05% completed)
Starting dt of size  1.0000000000000E+00 (CFL 0.800,  12.10% completed)
Starting dt of size  1.0000000000000E+00 (CFL 0.800,  12.15% completed)
Starting dt of size  1.0000000000000E+00 (CFL 0.800,  12.20% completed)
Starting dt of size  1.0000000000000E+00 (CFL 0.800,  12.25% completed)
Starting dt of size  1.0000000000000E+00 (CFL 0.800,  12.30% completed)
Starting dt of size  1.0000000000000E+00 (CFL 0.800,  12.35% completed)
Starting dt of size  1.0000000000000E+00 (CFL 0.800,  12.40% completed)
Starting dt of size  1.0000000000000E+00 (CFL 0.800,  12.45% completed)
Starting dt of size  1.0000000000000E+00 (CFL 0.800,  12.50% completed)
Starting dt of size  1.0000000000000E+00 (CFL 0.800,  12.55% completed)
Starting dt of size  1.0000000000000E+00 (CFL 0.800,  12.60% completed)
Starting dt of size  1.0000000000000E+00 (CFL 0.800,  12.65% completed)
Starting dt of size  1.0000000000000E+00 (CFL 0.800,  12.70% completed)
Starting dt of size  1.0000000000000E+00 (CFL 0.800,  12.75% completed)
Starting dt of size  1.0000000000000E+00 (CFL 0.800,  12.80% completed)
Starting dt of size  1.0000000000000E+00 (CFL 0.800,  12.85% completed)
Starting dt of size  1.0000000000000E+00 (CFL 0.800,  12.90% completed)
Starting dt of size  1.0000000000000E+00 (CFL 0.800,  12.95% completed)
Starting dt of size  1.0000000000000E+00 (CFL 0.800,  13.00% completed)
Starting dt of size  1.0000000000000E+00 (CFL 0.800,  13.05% completed)
Starting dt of size  1.0000000000000E+00 (CFL 0.800,  13.10% completed)
Starting dt of size  1.0000000000000E+00 (CFL 0.800,  13.15% completed)
Starting dt of size  1.0000000000000E+00 (CFL 0.800,  13.20% completed)
Starting dt of size  1.0000000000000E+00 (CFL 0.800,  13.25% completed)
Starting dt of size  1.0000000000000E+00 (CFL 0.800,  13.30% completed)
Starting dt of size  1.0000000000000E+00 (CFL 0.800,  13.35% completed)
Starting dt of size  1.0000000000000E+00 (CFL 0.800,  13.40% completed)
Starting dt of size  1.0000000000000E+00 (CFL 0.800,  13.45% completed)
Starting dt of size  1.0000000000000E+00 (CFL 0.800,  13.50% completed)
Starting dt of size  1.0000000000000E+00 (CFL 0.800,  13.55% completed)
Starting dt of size  1.0000000000000E+00 (CFL 0.800,  13.60% completed)
Starting dt of size  1.0000000000000E+00 (CFL 0.800,  13.65% completed)
Starting dt of size  1.0000000000000E+00 (CFL 0.800,  13.70% completed)
Starting dt of size  1.0000000000000E+00 (CFL 0.800,  13.75% completed)
Starting dt of size  1.0000000000000E+00 (CFL 0.800,  13.80% completed)
Starting dt of size  1.0000000000000E+00 (CFL 0.800,  13.85% completed)
Starting dt of size  1.0000000000000E+00 (CFL 0.800,  13.90% completed)
Starting dt of size  1.0000000000000E+00 (CFL 0.800,  13.95% completed)
Starting dt of size  1.0000000000000E+00 (CFL 0.800,  14.00% completed)
Starting dt of size  1.0000000000000E+00 (CFL 0.800,  14.05% completed)
Starting dt of size  1.0000000000000E+00 (CFL 0.800,  14.10% completed)
Starting dt of size  1.0000000000000E+00 (CFL 0.800,  14.15% completed)
Starting dt of size  1.0000000000000E+00 (CFL 0.800,  14.20% completed)
Starting dt of size  1.0000000000000E+00 (CFL 0.800,  14.25% completed)
Starting dt of size  1.0000000000000E+00 (CFL 0.800,  14.30% completed)
Starting dt of size  1.0000000000000E+00 (CFL 0.800,  14.35% completed)
Starting dt of size  1.0000000000000E+00 (CFL 0.800,  14.40% completed)
Starting dt of size  1.0000000000000E+00 (CFL 0.800,  14.45% completed)
Starting dt of size  1.0000000000000E+00 (CFL 0.800,  14.50% completed)
Starting dt of size  1.0000000000000E+00 (CFL 0.800,  14.55% completed)
Starting dt of size  1.0000000000000E+00 (CFL 0.800,  14.60% completed)
Starting dt of size  1.0000000000000E+00 (CFL 0.800,  14.65% completed)
Starting dt of size  1.0000000000000E+00 (CFL 0.800,  14.70% completed)
Starting dt of size  1.0000000000000E+00 (CFL 0.800,  14.75% completed)
Starting dt of size  1.0000000000000E+00 (CFL 0.800,  14.80% completed)
Starting dt of size  1.0000000000000E+00 (CFL 0.800,  14.85% completed)
Starting dt of size  1.0000000000000E+00 (CFL 0.800,  14.90% completed)
Starting dt of size  1.0000000000000E+00 (CFL 0.800,  14.95% completed)
Starting dt of size  1.0000000000000E+00 (CFL 0.800,  15.00% completed)
Starting dt of size  1.0000000000000E+00 (CFL 0.800,  15.05% completed)
Starting dt of size  1.0000000000000E+00 (CFL 0.800,  15.10% completed)
Starting dt of size  1.0000000000000E+00 (CFL 0.800,  15.15% completed)
Starting dt of size  1.0000000000000E+00 (CFL 0.800,  15.20% completed)
Starting dt of size  1.0000000000000E+00 (CFL 0.800,  15.25% completed)
Starting dt of size  1.0000000000000E+00 (CFL 0.800,  15.30% completed)
Starting dt of size  1.0000000000000E+00 (CFL 0.800,  15.35% completed)
Starting dt of size  1.0000000000000E+00 (CFL 0.800,  15.40% completed)
Starting dt of size  1.0000000000000E+00 (CFL 0.800,  15.45% completed)
Starting dt of size  1.0000000000000E+00 (CFL 0.800,  15.50% completed)
Starting dt of size  1.0000000000000E+00 (CFL 0.800,  15.55% completed)
Starting dt of size  1.0000000000000E+00 (CFL 0.800,  15.60% completed)
Starting dt of size  1.0000000000000E+00 (CFL 0.800,  15.65% completed)
Starting dt of size  1.0000000000000E+00 (CFL 0.800,  15.70% completed)
Starting dt of size  1.0000000000000E+00 (CFL 0.800,  15.75% completed)
Starting dt of size  1.0000000000000E+00 (CFL 0.800,  15.80% completed)
Starting dt of size  1.0000000000000E+00 (CFL 0.800,  15.85% completed)
Starting dt of size  1.0000000000000E+00 (CFL 0.800,  15.90% completed)
Starting dt of size  1.0000000000000E+00 (CFL 0.800,  15.95% completed)
Starting dt of size  1.0000000000000E+00 (CFL 0.800,  16.00% completed)
Starting dt of size  1.0000000000000E+00 (CFL 0.800,  16.05% completed)
Starting dt of size  1.0000000000000E+00 (CFL 0.800,  16.10% completed)
Starting dt of size  1.0000000000000E+00 (CFL 0.800,  16.15% completed)
Starting dt of size  1.0000000000000E+00 (CFL 0.800,  16.20% completed)
Starting dt of size  1.0000000000000E+00 (CFL 0.800,  16.25% completed)
Starting dt of size  1.0000000000000E+00 (CFL 0.800,  16.30% completed)
Starting dt of size  1.0000000000000E+00 (CFL 0.800,  16.35% completed)
Starting dt of size  1.0000000000000E+00 (CFL 0.800,  16.40% completed)
Starting dt of size  1.0000000000000E+00 (CFL 0.800,  16.45% completed)
Starting dt of size  1.0000000000000E+00 (CFL 0.800,  16.50% completed)
Starting dt of size  1.0000000000000E+00 (CFL 0.800,  16.55% completed)
Starting dt of size  1.0000000000000E+00 (CFL 0.800,  16.60% completed)
Starting dt of size  1.0000000000000E+00 (CFL 0.800,  16.65% completed)
Starting dt of size  1.0000000000000E+00 (CFL 0.800,  16.70% completed)
Starting dt of size  1.0000000000000E+00 (CFL 0.800,  16.75% completed)
Starting dt of size  1.0000000000000E+00 (CFL 0.800,  16.80% completed)
Starting dt of size  1.0000000000000E+00 (CFL 0.800,  16.85% completed)
Starting dt of size  1.0000000000000E+00 (CFL 0.800,  16.90% completed)
Starting dt of size  1.0000000000000E+00 (CFL 0.800,  16.95% completed)
Starting dt of size  1.0000000000000E+00 (CFL 0.800,  17.00% completed)
Starting dt of size  1.0000000000000E+00 (CFL 0.800,  17.05% completed)
Starting dt of size  1.0000000000000E+00 (CFL 0.800,  17.10% completed)
Starting dt of size  1.0000000000000E+00 (CFL 0.800,  17.15% completed)
Starting dt of size  1.0000000000000E+00 (CFL 0.800,  17.20% completed)
Starting dt of size  1.0000000000000E+00 (CFL 0.800,  17.25% completed)
Starting dt of size  1.0000000000000E+00 (CFL 0.800,  17.30% completed)
Starting dt of size  1.0000000000000E+00 (CFL 0.800,  17.35% completed)
Starting dt of size  1.0000000000000E+00 (CFL 0.800,  17.40% completed)
Starting dt of size  1.0000000000000E+00 (CFL 0.800,  17.45% completed)
Starting dt of size  1.0000000000000E+00 (CFL 0.800,  17.50% completed)
Starting dt of size  1.0000000000000E+00 (CFL 0.800,  17.55% completed)
Starting dt of size  1.0000000000000E+00 (CFL 0.800,  17.60% completed)
Starting dt of size  1.0000000000000E+00 (CFL 0.800,  17.65% completed)
Starting dt of size  1.0000000000000E+00 (CFL 0.800,  17.70% completed)
Starting dt of size  1.0000000000000E+00 (CFL 0.800,  17.75% completed)
Starting dt of size  1.0000000000000E+00 (CFL 0.800,  17.80% completed)
Starting dt of size  1.0000000000000E+00 (CFL 0.800,  17.85% completed)
Starting dt of size  1.0000000000000E+00 (CFL 0.800,  17.90% completed)
Starting dt of size  1.0000000000000E+00 (CFL 0.800,  17.95% completed)
Starting dt of size  1.0000000000000E+00 (CFL 0.800,  18.00% completed)
Starting dt of size  1.0000000000000E+00 (CFL 0.800,  18.05% completed)
Starting dt of size  1.0000000000000E+00 (CFL 0.800,  18.10% completed)
Starting dt of size  1.0000000000000E+00 (CFL 0.800,  18.15% completed)
Starting dt of size  1.0000000000000E+00 (CFL 0.800,  18.20% completed)
Starting dt of size  1.0000000000000E+00 (CFL 0.800,  18.25% completed)
Starting dt of size  1.0000000000000E+00 (CFL 0.800,  18.30% completed)
Starting dt of size  1.0000000000000E+00 (CFL 0.800,  18.35% completed)
Starting dt of size  1.0000000000000E+00 (CFL 0.800,  18.40% completed)
Starting dt of size  1.0000000000000E+00 (CFL 0.800,  18.45% completed)
Starting dt of size  1.0000000000000E+00 (CFL 0.800,  18.50% completed)
Starting dt of size  1.0000000000000E+00 (CFL 0.800,  18.55% completed)
Starting dt of size  1.0000000000000E+00 (CFL 0.800,  18.60% completed)
Starting dt of size  1.0000000000000E+00 (CFL 0.800,  18.65% completed)
Starting dt of size  1.0000000000000E+00 (CFL 0.800,  18.70% completed)
Starting dt of size  1.0000000000000E+00 (CFL 0.800,  18.75% completed)
Starting dt of size  1.0000000000000E+00 (CFL 0.800,  18.80% completed)
Starting dt of size  1.0000000000000E+00 (CFL 0.800,  18.85% completed)
Starting dt of size  1.0000000000000E+00 (CFL 0.800,  18.90% completed)
Starting dt of size  1.0000000000000E+00 (CFL 0.800,  18.95% completed)
Starting dt of size  1.0000000000000E+00 (CFL 0.800,  19.00% completed)
Starting dt of size  1.0000000000000E+00 (CFL 0.800,  19.05% completed)
Starting dt of size  1.0000000000000E+00 (CFL 0.800,  19.10% completed)
Starting dt of size  1.0000000000000E+00 (CFL 0.800,  19.15% completed)
Starting dt of size  1.0000000000000E+00 (CFL 0.800,  19.20% completed)
Starting dt of size  1.0000000000000E+00 (CFL 0.800,  19.25% completed)
Starting dt of size  1.0000000000000E+00 (CFL 0.800,  19.30% completed)
Starting dt of size  1.0000000000000E+00 (CFL 0.800,  19.35% completed)
Starting dt of size  1.0000000000000E+00 (CFL 0.800,  19.40% completed)
Starting dt of size  1.0000000000000E+00 (CFL 0.800,  19.45% completed)
Starting dt of size  1.0000000000000E+00 (CFL 0.800,  19.50% completed)
Starting dt of size  1.0000000000000E+00 (CFL 0.800,  19.55% completed)
Starting dt of size  1.0000000000000E+00 (CFL 0.800,  19.60% completed)
Starting dt of size  1.0000000000000E+00 (CFL 0.800,  19.65% completed)
Starting dt of size  1.0000000000000E+00 (CFL 0.800,  19.70% completed)
Starting dt of size  1.0000000000000E+00 (CFL 0.800,  19.75% completed)
Starting dt of size  1.0000000000000E+00 (CFL 0.800,  19.80% completed)
Starting dt of size  1.0000000000000E+00 (CFL 0.800,  19.85% completed)
Starting dt of size  1.0000000000000E+00 (CFL 0.800,  19.90% completed)
Starting dt of size  1.0000000000000E+00 (CFL 0.800,  19.95% completed)
Starting dt of size  1.0000000000000E+00 (CFL 0.800,  20.00% completed)
Starting dt of size  1.0000000000000E+00 (CFL 0.800,  20.05% completed)
Starting dt of size  1.0000000000000E+00 (CFL 0.800,  20.10% completed)
Starting dt of size  1.0000000000000E+00 (CFL 0.800,  20.15% completed)
Starting dt of size  1.0000000000000E+00 (CFL 0.800,  20.20% completed)
Starting dt of size  1.0000000000000E+00 (CFL 0.800,  20.25% completed)
Starting dt of size  1.0000000000000E+00 (CFL 0.800,  20.30% completed)
Starting dt of size  1.0000000000000E+00 (CFL 0.800,  20.35% completed)
Starting dt of size  1.0000000000000E+00 (CFL 0.800,  20.40% completed)
Starting dt of size  1.0000000000000E+00 (CFL 0.800,  20.45% completed)
Starting dt of size  1.0000000000000E+00 (CFL 0.800,  20.50% completed)
Starting dt of size  1.0000000000000E+00 (CFL 0.800,  20.55% completed)
Starting dt of size  1.0000000000000E+00 (CFL 0.800,  20.60% completed)
Starting dt of size  1.0000000000000E+00 (CFL 0.800,  20.65% completed)
Starting dt of size  1.0000000000000E+00 (CFL 0.800,  20.70% completed)
Starting dt of size  1.0000000000000E+00 (CFL 0.800,  20.75% completed)
Starting dt of size  1.0000000000000E+00 (CFL 0.800,  20.80% completed)
Starting dt of size  1.0000000000000E+00 (CFL 0.800,  20.85% completed)
Starting dt of size  1.0000000000000E+00 (CFL 0.800,  20.90% completed)
Starting dt of size  1.0000000000000E+00 (CFL 0.800,  20.95% completed)
Starting dt of size  1.0000000000000E+00 (CFL 0.800,  21.00% completed)
Starting dt of size  1.0000000000000E+00 (CFL 0.800,  21.05% completed)
Starting dt of size  1.0000000000000E+00 (CFL 0.800,  21.10% completed)
Starting dt of size  1.0000000000000E+00 (CFL 0.800,  21.15% completed)
Starting dt of size  1.0000000000000E+00 (CFL 0.800,  21.20% completed)
Starting dt of size  1.0000000000000E+00 (CFL 0.800,  21.25% completed)
Starting dt of size  1.0000000000000E+00 (CFL 0.800,  21.30% completed)
Starting dt of size  1.0000000000000E+00 (CFL 0.800,  21.35% completed)
Starting dt of size  1.0000000000000E+00 (CFL 0.800,  21.40% completed)
Starting dt of size  1.0000000000000E+00 (CFL 0.800,  21.45% completed)
Starting dt of size  1.0000000000000E+00 (CFL 0.800,  21.50% completed)
Starting dt of size  1.0000000000000E+00 (CFL 0.800,  21.55% completed)
Starting dt of size  1.0000000000000E+00 (CFL 0.800,  21.60% completed)
Starting dt of size  1.0000000000000E+00 (CFL 0.800,  21.65% completed)
Starting dt of size  1.0000000000000E+00 (CFL 0.800,  21.70% completed)
Starting dt of size  1.0000000000000E+00 (CFL 0.800,  21.75% completed)
Starting dt of size  1.0000000000000E+00 (CFL 0.800,  21.80% completed)
Starting dt of size  1.0000000000000E+00 (CFL 0.800,  21.85% completed)
Starting dt of size  1.0000000000000E+00 (CFL 0.800,  21.90% completed)
Starting dt of size  1.0000000000000E+00 (CFL 0.800,  21.95% completed)
Starting dt of size  1.0000000000000E+00 (CFL 0.800,  22.00% completed)
Starting dt of size  1.0000000000000E+00 (CFL 0.800,  22.05% completed)
Starting dt of size  1.0000000000000E+00 (CFL 0.800,  22.10% completed)
Starting dt of size  1.0000000000000E+00 (CFL 0.800,  22.15% completed)
Starting dt of size  1.0000000000000E+00 (CFL 0.800,  22.20% completed)
Starting dt of size  1.0000000000000E+00 (CFL 0.800,  22.25% completed)
Starting dt of size  1.0000000000000E+00 (CFL 0.800,  22.30% completed)
Starting dt of size  1.0000000000000E+00 (CFL 0.800,  22.35% completed)
Starting dt of size  1.0000000000000E+00 (CFL 0.800,  22.40% completed)
Starting dt of size  1.0000000000000E+00 (CFL 0.800,  22.45% completed)
Starting dt of size  1.0000000000000E+00 (CFL 0.800,  22.50% completed)
Starting dt of size  1.0000000000000E+00 (CFL 0.800,  22.55% completed)
Starting dt of size  1.0000000000000E+00 (CFL 0.800,  22.60% completed)
Starting dt of size  1.0000000000000E+00 (CFL 0.800,  22.65% completed)
Starting dt of size  1.0000000000000E+00 (CFL 0.800,  22.70% completed)
Starting dt of size  1.0000000000000E+00 (CFL 0.800,  22.75% completed)
Starting dt of size  1.0000000000000E+00 (CFL 0.800,  22.80% completed)
Starting dt of size  1.0000000000000E+00 (CFL 0.800,  22.85% completed)
Starting dt of size  1.0000000000000E+00 (CFL 0.800,  22.90% completed)
Starting dt of size  1.0000000000000E+00 (CFL 0.800,  22.95% completed)
Starting dt of size  1.0000000000000E+00 (CFL 0.800,  23.00% completed)
Starting dt of size  1.0000000000000E+00 (CFL 0.800,  23.05% completed)
Starting dt of size  1.0000000000000E+00 (CFL 0.800,  23.10% completed)
Starting dt of size  1.0000000000000E+00 (CFL 0.800,  23.15% completed)
Starting dt of size  1.0000000000000E+00 (CFL 0.800,  23.20% completed)
Starting dt of size  1.0000000000000E+00 (CFL 0.800,  23.25% completed)
Starting dt of size  1.0000000000000E+00 (CFL 0.800,  23.30% completed)
Starting dt of size  1.0000000000000E+00 (CFL 0.800,  23.35% completed)
Starting dt of size  1.0000000000000E+00 (CFL 0.800,  23.40% completed)
Starting dt of size  1.0000000000000E+00 (CFL 0.800,  23.45% completed)
Starting dt of size  1.0000000000000E+00 (CFL 0.800,  23.50% completed)
Starting dt of size  1.0000000000000E+00 (CFL 0.800,  23.55% completed)
Starting dt of size  1.0000000000000E+00 (CFL 0.800,  23.60% completed)
Starting dt of size  1.0000000000000E+00 (CFL 0.800,  23.65% completed)
Starting dt of size  1.0000000000000E+00 (CFL 0.800,  23.70% completed)
Starting dt of size  1.0000000000000E+00 (CFL 0.800,  23.75% completed)
Starting dt of size  1.0000000000000E+00 (CFL 0.800,  23.80% completed)
Starting dt of size  1.0000000000000E+00 (CFL 0.800,  23.85% completed)
Starting dt of size  1.0000000000000E+00 (CFL 0.800,  23.90% completed)
Starting dt of size  1.0000000000000E+00 (CFL 0.800,  23.95% completed)
Starting dt of size  1.0000000000000E+00 (CFL 0.800,  24.00% completed)
Starting dt of size  1.0000000000000E+00 (CFL 0.800,  24.05% completed)
Starting dt of size  1.0000000000000E+00 (CFL 0.800,  24.10% completed)
Starting dt of size  1.0000000000000E+00 (CFL 0.800,  24.15% completed)
Starting dt of size  1.0000000000000E+00 (CFL 0.800,  24.20% completed)
Starting dt of size  1.0000000000000E+00 (CFL 0.800,  24.25% completed)
Starting dt of size  1.0000000000000E+00 (CFL 0.800,  24.30% completed)
Starting dt of size  1.0000000000000E+00 (CFL 0.800,  24.35% completed)
Starting dt of size  1.0000000000000E+00 (CFL 0.800,  24.40% completed)
Starting dt of size  1.0000000000000E+00 (CFL 0.800,  24.45% completed)
Starting dt of size  1.0000000000000E+00 (CFL 0.800,  24.50% completed)
Starting dt of size  1.0000000000000E+00 (CFL 0.800,  24.55% completed)
Starting dt of size  1.0000000000000E+00 (CFL 0.800,  24.60% completed)
Starting dt of size  1.0000000000000E+00 (CFL 0.800,  24.65% completed)
Starting dt of size  1.0000000000000E+00 (CFL 0.800,  24.70% completed)
Starting dt of size  1.0000000000000E+00 (CFL 0.800,  24.75% completed)
Starting dt of size  1.0000000000000E+00 (CFL 0.800,  24.80% completed)
Starting dt of size  1.0000000000000E+00 (CFL 0.800,  24.85% completed)
Starting dt of size  1.0000000000000E+00 (CFL 0.800,  24.90% completed)
Starting dt of size  1.0000000000000E+00 (CFL 0.800,  24.95% completed)
Starting dt of size  1.0000000000000E+00 (CFL 0.800,  25.00% completed)
Starting dt of size  1.0000000000000E+00 (CFL 0.800,  25.05% completed)
Starting dt of size  1.0000000000000E+00 (CFL 0.800,  25.10% completed)
Starting dt of size  1.0000000000000E+00 (CFL 0.800,  25.15% completed)
Starting dt of size  1.0000000000000E+00 (CFL 0.800,  25.20% completed)
Starting dt of size  1.0000000000000E+00 (CFL 0.800,  25.25% completed)
Starting dt of size  1.0000000000000E+00 (CFL 0.800,  25.30% completed)
Starting dt of size  1.0000000000000E+00 (CFL 0.800,  25.35% completed)
Starting dt of size  1.0000000000000E+00 (CFL 0.800,  25.40% completed)
Starting dt of size  1.0000000000000E+00 (CFL 0.800,  25.45% completed)
Starting dt of size  1.0000000000000E+00 (CFL 0.800,  25.50% completed)
Starting dt of size  1.0000000000000E+00 (CFL 0.800,  25.55% completed)
Starting dt of size  1.0000000000000E+00 (CFL 0.800,  25.60% completed)
Starting dt of size  1.0000000000000E+00 (CFL 0.800,  25.65% completed)
Starting dt of size  1.0000000000000E+00 (CFL 0.800,  25.70% completed)
Starting dt of size  1.0000000000000E+00 (CFL 0.800,  25.75% completed)
Starting dt of size  1.0000000000000E+00 (CFL 0.800,  25.80% completed)
Starting dt of size  1.0000000000000E+00 (CFL 0.800,  25.85% completed)
Starting dt of size  1.0000000000000E+00 (CFL 0.800,  25.90% completed)
Starting dt of size  1.0000000000000E+00 (CFL 0.800,  25.95% completed)
Starting dt of size  1.0000000000000E+00 (CFL 0.800,  26.00% completed)
Starting dt of size  1.0000000000000E+00 (CFL 0.800,  26.05% completed)
Starting dt of size  1.0000000000000E+00 (CFL 0.800,  26.10% completed)
Starting dt of size  1.0000000000000E+00 (CFL 0.800,  26.15% completed)
Starting dt of size  1.0000000000000E+00 (CFL 0.800,  26.20% completed)
Starting dt of size  1.0000000000000E+00 (CFL 0.800,  26.25% completed)
Starting dt of size  1.0000000000000E+00 (CFL 0.800,  26.30% completed)
Starting dt of size  1.0000000000000E+00 (CFL 0.800,  26.35% completed)
Starting dt of size  1.0000000000000E+00 (CFL 0.800,  26.40% completed)
Starting dt of size  1.0000000000000E+00 (CFL 0.800,  26.45% completed)
Starting dt of size  1.0000000000000E+00 (CFL 0.800,  26.50% completed)
Starting dt of size  1.0000000000000E+00 (CFL 0.800,  26.55% completed)
Starting dt of size  1.0000000000000E+00 (CFL 0.800,  26.60% completed)
Starting dt of size  1.0000000000000E+00 (CFL 0.800,  26.65% completed)
Starting dt of size  1.0000000000000E+00 (CFL 0.800,  26.70% completed)
Starting dt of size  1.0000000000000E+00 (CFL 0.800,  26.75% completed)
Starting dt of size  1.0000000000000E+00 (CFL 0.800,  26.80% completed)
Starting dt of size  1.0000000000000E+00 (CFL 0.800,  26.85% completed)
Starting dt of size  1.0000000000000E+00 (CFL 0.800,  26.90% completed)
Starting dt of size  1.0000000000000E+00 (CFL 0.800,  26.95% completed)
Starting dt of size  1.0000000000000E+00 (CFL 0.800,  27.00% completed)
Starting dt of size  1.0000000000000E+00 (CFL 0.800,  27.05% completed)
Starting dt of size  1.0000000000000E+00 (CFL 0.800,  27.10% completed)
Starting dt of size  1.0000000000000E+00 (CFL 0.800,  27.15% completed)
Starting dt of size  1.0000000000000E+00 (CFL 0.800,  27.20% completed)
Starting dt of size  1.0000000000000E+00 (CFL 0.800,  27.25% completed)
Starting dt of size  1.0000000000000E+00 (CFL 0.800,  27.30% completed)
Starting dt of size  1.0000000000000E+00 (CFL 0.800,  27.35% completed)
Starting dt of size  1.0000000000000E+00 (CFL 0.800,  27.40% completed)
Starting dt of size  1.0000000000000E+00 (CFL 0.800,  27.45% completed)
Starting dt of size  1.0000000000000E+00 (CFL 0.800,  27.50% completed)
Starting dt of size  1.0000000000000E+00 (CFL 0.800,  27.55% completed)
Starting dt of size  1.0000000000000E+00 (CFL 0.800,  27.60% completed)
Starting dt of size  1.0000000000000E+00 (CFL 0.800,  27.65% completed)
Starting dt of size  1.0000000000000E+00 (CFL 0.800,  27.70% completed)
Starting dt of size  1.0000000000000E+00 (CFL 0.800,  27.75% completed)
Starting dt of size  1.0000000000000E+00 (CFL 0.800,  27.80% completed)
Starting dt of size  1.0000000000000E+00 (CFL 0.800,  27.85% completed)
Starting dt of size  1.0000000000000E+00 (CFL 0.800,  27.90% completed)
Starting dt of size  1.0000000000000E+00 (CFL 0.800,  27.95% completed)
Starting dt of size  1.0000000000000E+00 (CFL 0.800,  28.00% completed)
Starting dt of size  1.0000000000000E+00 (CFL 0.800,  28.05% completed)
Starting dt of size  1.0000000000000E+00 (CFL 0.800,  28.10% completed)
Starting dt of size  1.0000000000000E+00 (CFL 0.800,  28.15% completed)
Starting dt of size  1.0000000000000E+00 (CFL 0.800,  28.20% completed)
Starting dt of size  1.0000000000000E+00 (CFL 0.800,  28.25% completed)
Starting dt of size  1.0000000000000E+00 (CFL 0.800,  28.30% completed)
Starting dt of size  1.0000000000000E+00 (CFL 0.800,  28.35% completed)
Starting dt of size  1.0000000000000E+00 (CFL 0.800,  28.40% completed)
Starting dt of size  1.0000000000000E+00 (CFL 0.800,  28.45% completed)
Starting dt of size  1.0000000000000E+00 (CFL 0.800,  28.50% completed)
Starting dt of size  1.0000000000000E+00 (CFL 0.800,  28.55% completed)
Starting dt of size  1.0000000000000E+00 (CFL 0.800,  28.60% completed)
Starting dt of size  1.0000000000000E+00 (CFL 0.800,  28.65% completed)
Starting dt of size  1.0000000000000E+00 (CFL 0.800,  28.70% completed)
Starting dt of size  1.0000000000000E+00 (CFL 0.800,  28.75% completed)
Starting dt of size  1.0000000000000E+00 (CFL 0.800,  28.80% completed)
Starting dt of size  1.0000000000000E+00 (CFL 0.800,  28.85% completed)
Starting dt of size  1.0000000000000E+00 (CFL 0.800,  28.90% completed)
Starting dt of size  1.0000000000000E+00 (CFL 0.800,  28.95% completed)
Starting dt of size  1.0000000000000E+00 (CFL 0.800,  29.00% completed)
Starting dt of size  1.0000000000000E+00 (CFL 0.800,  29.05% completed)
Starting dt of size  1.0000000000000E+00 (CFL 0.800,  29.10% completed)
Starting dt of size  1.0000000000000E+00 (CFL 0.800,  29.15% completed)
Starting dt of size  1.0000000000000E+00 (CFL 0.800,  29.20% completed)
Starting dt of size  1.0000000000000E+00 (CFL 0.800,  29.25% completed)
Starting dt of size  1.0000000000000E+00 (CFL 0.800,  29.30% completed)
Starting dt of size  1.0000000000000E+00 (CFL 0.800,  29.35% completed)
Starting dt of size  1.0000000000000E+00 (CFL 0.800,  29.40% completed)
Starting dt of size  1.0000000000000E+00 (CFL 0.800,  29.45% completed)
Starting dt of size  1.0000000000000E+00 (CFL 0.800,  29.50% completed)
Starting dt of size  1.0000000000000E+00 (CFL 0.800,  29.55% completed)
Starting dt of size  1.0000000000000E+00 (CFL 0.800,  29.60% completed)
Starting dt of size  1.0000000000000E+00 (CFL 0.800,  29.65% completed)
Starting dt of size  1.0000000000000E+00 (CFL 0.800,  29.70% completed)
Starting dt of size  1.0000000000000E+00 (CFL 0.800,  29.75% completed)
Starting dt of size  1.0000000000000E+00 (CFL 0.800,  29.80% completed)
Starting dt of size  1.0000000000000E+00 (CFL 0.800,  29.85% completed)
Starting dt of size  1.0000000000000E+00 (CFL 0.800,  29.90% completed)
Starting dt of size  1.0000000000000E+00 (CFL 0.800,  29.95% completed)
Starting dt of size  1.0000000000000E+00 (CFL 0.800,  30.00% completed)
Starting dt of size  1.0000000000000E+00 (CFL 0.800,  30.05% completed)
Starting dt of size  1.0000000000000E+00 (CFL 0.800,  30.10% completed)
Starting dt of size  1.0000000000000E+00 (CFL 0.800,  30.15% completed)
Starting dt of size  1.0000000000000E+00 (CFL 0.800,  30.20% completed)
Starting dt of size  1.0000000000000E+00 (CFL 0.800,  30.25% completed)
Starting dt of size  1.0000000000000E+00 (CFL 0.800,  30.30% completed)
Starting dt of size  1.0000000000000E+00 (CFL 0.800,  30.35% completed)
Starting dt of size  1.0000000000000E+00 (CFL 0.800,  30.40% completed)
Starting dt of size  1.0000000000000E+00 (CFL 0.800,  30.45% completed)
Starting dt of size  1.0000000000000E+00 (CFL 0.800,  30.50% completed)
Starting dt of size  1.0000000000000E+00 (CFL 0.800,  30.55% completed)
Starting dt of size  1.0000000000000E+00 (CFL 0.800,  30.60% completed)
Starting dt of size  1.0000000000000E+00 (CFL 0.800,  30.65% completed)
Starting dt of size  1.0000000000000E+00 (CFL 0.800,  30.70% completed)
Starting dt of size  1.0000000000000E+00 (CFL 0.800,  30.75% completed)
Starting dt of size  1.0000000000000E+00 (CFL 0.800,  30.80% completed)
Starting dt of size  1.0000000000000E+00 (CFL 0.800,  30.85% completed)
Starting dt of size  1.0000000000000E+00 (CFL 0.800,  30.90% completed)
Starting dt of size  1.0000000000000E+00 (CFL 0.800,  30.95% completed)
Starting dt of size  1.0000000000000E+00 (CFL 0.800,  31.00% completed)
Starting dt of size  1.0000000000000E+00 (CFL 0.800,  31.05% completed)
Starting dt of size  1.0000000000000E+00 (CFL 0.800,  31.10% completed)
Starting dt of size  1.0000000000000E+00 (CFL 0.800,  31.15% completed)
Starting dt of size  1.0000000000000E+00 (CFL 0.800,  31.20% completed)
Starting dt of size  1.0000000000000E+00 (CFL 0.800,  31.25% completed)
Starting dt of size  1.0000000000000E+00 (CFL 0.800,  31.30% completed)
Starting dt of size  1.0000000000000E+00 (CFL 0.800,  31.35% completed)
Starting dt of size  1.0000000000000E+00 (CFL 0.800,  31.40% completed)
Starting dt of size  1.0000000000000E+00 (CFL 0.800,  31.45% completed)
Starting dt of size  1.0000000000000E+00 (CFL 0.800,  31.50% completed)
Starting dt of size  1.0000000000000E+00 (CFL 0.800,  31.55% completed)
Starting dt of size  1.0000000000000E+00 (CFL 0.800,  31.60% completed)
Starting dt of size  1.0000000000000E+00 (CFL 0.800,  31.65% completed)
Starting dt of size  1.0000000000000E+00 (CFL 0.800,  31.70% completed)
Starting dt of size  1.0000000000000E+00 (CFL 0.800,  31.75% completed)
Starting dt of size  1.0000000000000E+00 (CFL 0.800,  31.80% completed)
Starting dt of size  1.0000000000000E+00 (CFL 0.800,  31.85% completed)
Starting dt of size  1.0000000000000E+00 (CFL 0.800,  31.90% completed)
Starting dt of size  1.0000000000000E+00 (CFL 0.800,  31.95% completed)
Starting dt of size  1.0000000000000E+00 (CFL 0.800,  32.00% completed)
Starting dt of size  1.0000000000000E+00 (CFL 0.800,  32.05% completed)
Starting dt of size  1.0000000000000E+00 (CFL 0.800,  32.10% completed)
Starting dt of size  1.0000000000000E+00 (CFL 0.800,  32.15% completed)
Starting dt of size  1.0000000000000E+00 (CFL 0.800,  32.20% completed)
Starting dt of size  1.0000000000000E+00 (CFL 0.800,  32.25% completed)
Starting dt of size  1.0000000000000E+00 (CFL 0.800,  32.30% completed)
Starting dt of size  1.0000000000000E+00 (CFL 0.800,  32.35% completed)
Starting dt of size  1.0000000000000E+00 (CFL 0.800,  32.40% completed)
Starting dt of size  1.0000000000000E+00 (CFL 0.800,  32.45% completed)
Starting dt of size  1.0000000000000E+00 (CFL 0.800,  32.50% completed)
Starting dt of size  1.0000000000000E+00 (CFL 0.800,  32.55% completed)
Starting dt of size  1.0000000000000E+00 (CFL 0.800,  32.60% completed)
Starting dt of size  1.0000000000000E+00 (CFL 0.800,  32.65% completed)
Starting dt of size  1.0000000000000E+00 (CFL 0.800,  32.70% completed)
Starting dt of size  1.0000000000000E+00 (CFL 0.800,  32.75% completed)
Starting dt of size  1.0000000000000E+00 (CFL 0.800,  32.80% completed)
Starting dt of size  1.0000000000000E+00 (CFL 0.800,  32.85% completed)
Starting dt of size  1.0000000000000E+00 (CFL 0.800,  32.90% completed)
Starting dt of size  1.0000000000000E+00 (CFL 0.800,  32.95% completed)
Starting dt of size  1.0000000000000E+00 (CFL 0.800,  33.00% completed)
Starting dt of size  1.0000000000000E+00 (CFL 0.800,  33.05% completed)
Starting dt of size  1.0000000000000E+00 (CFL 0.800,  33.10% completed)
Starting dt of size  1.0000000000000E+00 (CFL 0.800,  33.15% completed)
Starting dt of size  1.0000000000000E+00 (CFL 0.800,  33.20% completed)
Starting dt of size  1.0000000000000E+00 (CFL 0.800,  33.25% completed)
Starting dt of size  1.0000000000000E+00 (CFL 0.800,  33.30% completed)
Starting dt of size  1.0000000000000E+00 (CFL 0.800,  33.35% completed)
Starting dt of size  1.0000000000000E+00 (CFL 0.800,  33.40% completed)
Starting dt of size  1.0000000000000E+00 (CFL 0.800,  33.45% completed)
Starting dt of size  1.0000000000000E+00 (CFL 0.800,  33.50% completed)
Starting dt of size  1.0000000000000E+00 (CFL 0.800,  33.55% completed)
Starting dt of size  1.0000000000000E+00 (CFL 0.800,  33.60% completed)
Starting dt of size  1.0000000000000E+00 (CFL 0.800,  33.65% completed)
Starting dt of size  1.0000000000000E+00 (CFL 0.800,  33.70% completed)
Starting dt of size  1.0000000000000E+00 (CFL 0.800,  33.75% completed)
Starting dt of size  1.0000000000000E+00 (CFL 0.800,  33.80% completed)
Starting dt of size  1.0000000000000E+00 (CFL 0.800,  33.85% completed)
Starting dt of size  1.0000000000000E+00 (CFL 0.800,  33.90% completed)
Starting dt of size  1.0000000000000E+00 (CFL 0.800,  33.95% completed)
Starting dt of size  1.0000000000000E+00 (CFL 0.800,  34.00% completed)
Starting dt of size  1.0000000000000E+00 (CFL 0.800,  34.05% completed)
Starting dt of size  1.0000000000000E+00 (CFL 0.800,  34.10% completed)
Starting dt of size  1.0000000000000E+00 (CFL 0.800,  34.15% completed)
Starting dt of size  1.0000000000000E+00 (CFL 0.800,  34.20% completed)
Starting dt of size  1.0000000000000E+00 (CFL 0.800,  34.25% completed)
Starting dt of size  1.0000000000000E+00 (CFL 0.800,  34.30% completed)
Starting dt of size  1.0000000000000E+00 (CFL 0.800,  34.35% completed)
Starting dt of size  1.0000000000000E+00 (CFL 0.800,  34.40% completed)
Starting dt of size  1.0000000000000E+00 (CFL 0.800,  34.45% completed)
Starting dt of size  1.0000000000000E+00 (CFL 0.800,  34.50% completed)
Starting dt of size  1.0000000000000E+00 (CFL 0.800,  34.55% completed)
Starting dt of size  1.0000000000000E+00 (CFL 0.800,  34.60% completed)
Starting dt of size  1.0000000000000E+00 (CFL 0.800,  34.65% completed)
Starting dt of size  1.0000000000000E+00 (CFL 0.800,  34.70% completed)
Starting dt of size  1.0000000000000E+00 (CFL 0.800,  34.75% completed)
Starting dt of size  1.0000000000000E+00 (CFL 0.800,  34.80% completed)
Starting dt of size  1.0000000000000E+00 (CFL 0.800,  34.85% completed)
Starting dt of size  1.0000000000000E+00 (CFL 0.800,  34.90% completed)
Starting dt of size  1.0000000000000E+00 (CFL 0.800,  34.95% completed)
Starting dt of size  1.0000000000000E+00 (CFL 0.800,  35.00% completed)
Starting dt of size  1.0000000000000E+00 (CFL 0.800,  35.05% completed)
Starting dt of size  1.0000000000000E+00 (CFL 0.800,  35.10% completed)
Starting dt of size  1.0000000000000E+00 (CFL 0.800,  35.15% completed)
Starting dt of size  1.0000000000000E+00 (CFL 0.800,  35.20% completed)
Starting dt of size  1.0000000000000E+00 (CFL 0.800,  35.25% completed)
Starting dt of size  1.0000000000000E+00 (CFL 0.800,  35.30% completed)
Starting dt of size  1.0000000000000E+00 (CFL 0.800,  35.35% completed)
Starting dt of size  1.0000000000000E+00 (CFL 0.800,  35.40% completed)
Starting dt of size  1.0000000000000E+00 (CFL 0.800,  35.45% completed)
Starting dt of size  1.0000000000000E+00 (CFL 0.800,  35.50% completed)
Starting dt of size  1.0000000000000E+00 (CFL 0.800,  35.55% completed)
Starting dt of size  1.0000000000000E+00 (CFL 0.800,  35.60% completed)
Starting dt of size  1.0000000000000E+00 (CFL 0.800,  35.65% completed)
Starting dt of size  1.0000000000000E+00 (CFL 0.800,  35.70% completed)
Starting dt of size  1.0000000000000E+00 (CFL 0.800,  35.75% completed)
Starting dt of size  1.0000000000000E+00 (CFL 0.800,  35.80% completed)
Starting dt of size  1.0000000000000E+00 (CFL 0.800,  35.85% completed)
Starting dt of size  1.0000000000000E+00 (CFL 0.800,  35.90% completed)
Starting dt of size  1.0000000000000E+00 (CFL 0.800,  35.95% completed)
Starting dt of size  1.0000000000000E+00 (CFL 0.800,  36.00% completed)
Starting dt of size  1.0000000000000E+00 (CFL 0.800,  36.05% completed)
Starting dt of size  1.0000000000000E+00 (CFL 0.800,  36.10% completed)
Starting dt of size  1.0000000000000E+00 (CFL 0.800,  36.15% completed)
Starting dt of size  1.0000000000000E+00 (CFL 0.800,  36.20% completed)
Starting dt of size  1.0000000000000E+00 (CFL 0.800,  36.25% completed)
Starting dt of size  1.0000000000000E+00 (CFL 0.800,  36.30% completed)
Starting dt of size  1.0000000000000E+00 (CFL 0.800,  36.35% completed)
Starting dt of size  1.0000000000000E+00 (CFL 0.800,  36.40% completed)
Starting dt of size  1.0000000000000E+00 (CFL 0.800,  36.45% completed)
Starting dt of size  1.0000000000000E+00 (CFL 0.800,  36.50% completed)
Starting dt of size  1.0000000000000E+00 (CFL 0.800,  36.55% completed)
Starting dt of size  1.0000000000000E+00 (CFL 0.800,  36.60% completed)
Starting dt of size  1.0000000000000E+00 (CFL 0.800,  36.65% completed)
Starting dt of size  1.0000000000000E+00 (CFL 0.800,  36.70% completed)
Starting dt of size  1.0000000000000E+00 (CFL 0.800,  36.75% completed)
Starting dt of size  1.0000000000000E+00 (CFL 0.800,  36.80% completed)
Starting dt of size  1.0000000000000E+00 (CFL 0.800,  36.85% completed)
Starting dt of size  1.0000000000000E+00 (CFL 0.800,  36.90% completed)
Starting dt of size  1.0000000000000E+00 (CFL 0.800,  36.95% completed)
Starting dt of size  1.0000000000000E+00 (CFL 0.800,  37.00% completed)
Starting dt of size  1.0000000000000E+00 (CFL 0.800,  37.05% completed)
Starting dt of size  1.0000000000000E+00 (CFL 0.800,  37.10% completed)
Starting dt of size  1.0000000000000E+00 (CFL 0.800,  37.15% completed)
Starting dt of size  1.0000000000000E+00 (CFL 0.800,  37.20% completed)
Starting dt of size  1.0000000000000E+00 (CFL 0.800,  37.25% completed)
Starting dt of size  1.0000000000000E+00 (CFL 0.800,  37.30% completed)
Starting dt of size  1.0000000000000E+00 (CFL 0.800,  37.35% completed)
Starting dt of size  1.0000000000000E+00 (CFL 0.800,  37.40% completed)
Starting dt of size  1.0000000000000E+00 (CFL 0.800,  37.45% completed)
Starting dt of size  1.0000000000000E+00 (CFL 0.800,  37.50% completed)
Starting dt of size  1.0000000000000E+00 (CFL 0.800,  37.55% completed)
Starting dt of size  1.0000000000000E+00 (CFL 0.800,  37.60% completed)
Starting dt of size  1.0000000000000E+00 (CFL 0.800,  37.65% completed)
Starting dt of size  1.0000000000000E+00 (CFL 0.800,  37.70% completed)
Starting dt of size  1.0000000000000E+00 (CFL 0.800,  37.75% completed)
Starting dt of size  1.0000000000000E+00 (CFL 0.800,  37.80% completed)
Starting dt of size  1.0000000000000E+00 (CFL 0.800,  37.85% completed)
Starting dt of size  1.0000000000000E+00 (CFL 0.800,  37.90% completed)
Starting dt of size  1.0000000000000E+00 (CFL 0.800,  37.95% completed)
Starting dt of size  1.0000000000000E+00 (CFL 0.800,  38.00% completed)
Starting dt of size  1.0000000000000E+00 (CFL 0.800,  38.05% completed)
Starting dt of size  1.0000000000000E+00 (CFL 0.800,  38.10% completed)
Starting dt of size  1.0000000000000E+00 (CFL 0.800,  38.15% completed)
Starting dt of size  1.0000000000000E+00 (CFL 0.800,  38.20% completed)
Starting dt of size  1.0000000000000E+00 (CFL 0.800,  38.25% completed)
Starting dt of size  1.0000000000000E+00 (CFL 0.800,  38.30% completed)
Starting dt of size  1.0000000000000E+00 (CFL 0.800,  38.35% completed)
Starting dt of size  1.0000000000000E+00 (CFL 0.800,  38.40% completed)
Starting dt of size  1.0000000000000E+00 (CFL 0.800,  38.45% completed)
Starting dt of size  1.0000000000000E+00 (CFL 0.800,  38.50% completed)
Starting dt of size  1.0000000000000E+00 (CFL 0.800,  38.55% completed)
Starting dt of size  1.0000000000000E+00 (CFL 0.800,  38.60% completed)
Starting dt of size  1.0000000000000E+00 (CFL 0.800,  38.65% completed)
Starting dt of size  1.0000000000000E+00 (CFL 0.800,  38.70% completed)
Starting dt of size  1.0000000000000E+00 (CFL 0.800,  38.75% completed)
Starting dt of size  1.0000000000000E+00 (CFL 0.800,  38.80% completed)
Starting dt of size  1.0000000000000E+00 (CFL 0.800,  38.85% completed)
Starting dt of size  1.0000000000000E+00 (CFL 0.800,  38.90% completed)
Starting dt of size  1.0000000000000E+00 (CFL 0.800,  38.95% completed)
Starting dt of size  1.0000000000000E+00 (CFL 0.800,  39.00% completed)
Starting dt of size  1.0000000000000E+00 (CFL 0.800,  39.05% completed)
Starting dt of size  1.0000000000000E+00 (CFL 0.800,  39.10% completed)
Starting dt of size  1.0000000000000E+00 (CFL 0.800,  39.15% completed)
Starting dt of size  1.0000000000000E+00 (CFL 0.800,  39.20% completed)
Starting dt of size  1.0000000000000E+00 (CFL 0.800,  39.25% completed)
Starting dt of size  1.0000000000000E+00 (CFL 0.800,  39.30% completed)
Starting dt of size  1.0000000000000E+00 (CFL 0.800,  39.35% completed)
Starting dt of size  1.0000000000000E+00 (CFL 0.800,  39.40% completed)
Starting dt of size  1.0000000000000E+00 (CFL 0.800,  39.45% completed)
Starting dt of size  1.0000000000000E+00 (CFL 0.800,  39.50% completed)
Starting dt of size  1.0000000000000E+00 (CFL 0.800,  39.55% completed)
Starting dt of size  1.0000000000000E+00 (CFL 0.800,  39.60% completed)
Starting dt of size  1.0000000000000E+00 (CFL 0.800,  39.65% completed)
Starting dt of size  1.0000000000000E+00 (CFL 0.800,  39.70% completed)
Starting dt of size  1.0000000000000E+00 (CFL 0.800,  39.75% completed)
Starting dt of size  1.0000000000000E+00 (CFL 0.800,  39.80% completed)
Starting dt of size  1.0000000000000E+00 (CFL 0.800,  39.85% completed)
Starting dt of size  1.0000000000000E+00 (CFL 0.800,  39.90% completed)
Starting dt of size  1.0000000000000E+00 (CFL 0.800,  39.95% completed)
Starting dt of size  1.0000000000000E+00 (CFL 0.800,  40.00% completed)
Starting dt of size  1.0000000000000E+00 (CFL 0.800,  40.05% completed)
Starting dt of size  1.0000000000000E+00 (CFL 0.800,  40.10% completed)
Starting dt of size  1.0000000000000E+00 (CFL 0.800,  40.15% completed)
Starting dt of size  1.0000000000000E+00 (CFL 0.800,  40.20% completed)
Starting dt of size  1.0000000000000E+00 (CFL 0.800,  40.25% completed)
Starting dt of size  1.0000000000000E+00 (CFL 0.800,  40.30% completed)
Starting dt of size  1.0000000000000E+00 (CFL 0.800,  40.35% completed)
Starting dt of size  1.0000000000000E+00 (CFL 0.800,  40.40% completed)
Starting dt of size  1.0000000000000E+00 (CFL 0.800,  40.45% completed)
Starting dt of size  1.0000000000000E+00 (CFL 0.800,  40.50% completed)
Starting dt of size  1.0000000000000E+00 (CFL 0.800,  40.55% completed)
Starting dt of size  1.0000000000000E+00 (CFL 0.800,  40.60% completed)
Starting dt of size  1.0000000000000E+00 (CFL 0.800,  40.65% completed)
Starting dt of size  1.0000000000000E+00 (CFL 0.800,  40.70% completed)
Starting dt of size  1.0000000000000E+00 (CFL 0.800,  40.75% completed)
Starting dt of size  1.0000000000000E+00 (CFL 0.800,  40.80% completed)
Starting dt of size  1.0000000000000E+00 (CFL 0.800,  40.85% completed)
Starting dt of size  1.0000000000000E+00 (CFL 0.800,  40.90% completed)
Starting dt of size  1.0000000000000E+00 (CFL 0.800,  40.95% completed)
Starting dt of size  1.0000000000000E+00 (CFL 0.800,  41.00% completed)
Starting dt of size  1.0000000000000E+00 (CFL 0.800,  41.05% completed)
Starting dt of size  1.0000000000000E+00 (CFL 0.800,  41.10% completed)
Starting dt of size  1.0000000000000E+00 (CFL 0.800,  41.15% completed)
Starting dt of size  1.0000000000000E+00 (CFL 0.800,  41.20% completed)
Starting dt of size  1.0000000000000E+00 (CFL 0.800,  41.25% completed)
Starting dt of size  1.0000000000000E+00 (CFL 0.800,  41.30% completed)
Starting dt of size  1.0000000000000E+00 (CFL 0.800,  41.35% completed)
Starting dt of size  1.0000000000000E+00 (CFL 0.800,  41.40% completed)
Starting dt of size  1.0000000000000E+00 (CFL 0.800,  41.45% completed)
Starting dt of size  1.0000000000000E+00 (CFL 0.800,  41.50% completed)
Starting dt of size  1.0000000000000E+00 (CFL 0.800,  41.55% completed)
Starting dt of size  1.0000000000000E+00 (CFL 0.800,  41.60% completed)
Starting dt of size  1.0000000000000E+00 (CFL 0.800,  41.65% completed)
Starting dt of size  1.0000000000000E+00 (CFL 0.800,  41.70% completed)
Starting dt of size  1.0000000000000E+00 (CFL 0.800,  41.75% completed)
Starting dt of size  1.0000000000000E+00 (CFL 0.800,  41.80% completed)
Starting dt of size  1.0000000000000E+00 (CFL 0.800,  41.85% completed)
Starting dt of size  1.0000000000000E+00 (CFL 0.800,  41.90% completed)
Starting dt of size  1.0000000000000E+00 (CFL 0.800,  41.95% completed)
Starting dt of size  1.0000000000000E+00 (CFL 0.800,  42.00% completed)
Starting dt of size  1.0000000000000E+00 (CFL 0.800,  42.05% completed)
Starting dt of size  1.0000000000000E+00 (CFL 0.800,  42.10% completed)
Starting dt of size  1.0000000000000E+00 (CFL 0.800,  42.15% completed)
Starting dt of size  1.0000000000000E+00 (CFL 0.800,  42.20% completed)
Starting dt of size  1.0000000000000E+00 (CFL 0.800,  42.25% completed)
Starting dt of size  1.0000000000000E+00 (CFL 0.800,  42.30% completed)
Starting dt of size  1.0000000000000E+00 (CFL 0.800,  42.35% completed)
Starting dt of size  1.0000000000000E+00 (CFL 0.800,  42.40% completed)
Starting dt of size  1.0000000000000E+00 (CFL 0.800,  42.45% completed)
Starting dt of size  1.0000000000000E+00 (CFL 0.800,  42.50% completed)
Starting dt of size  1.0000000000000E+00 (CFL 0.800,  42.55% completed)
Starting dt of size  1.0000000000000E+00 (CFL 0.800,  42.60% completed)
Starting dt of size  1.0000000000000E+00 (CFL 0.800,  42.65% completed)
Starting dt of size  1.0000000000000E+00 (CFL 0.800,  42.70% completed)
Starting dt of size  1.0000000000000E+00 (CFL 0.800,  42.75% completed)
Starting dt of size  1.0000000000000E+00 (CFL 0.800,  42.80% completed)
Starting dt of size  1.0000000000000E+00 (CFL 0.800,  42.85% completed)
Starting dt of size  1.0000000000000E+00 (CFL 0.800,  42.90% completed)
Starting dt of size  1.0000000000000E+00 (CFL 0.800,  42.95% completed)
Starting dt of size  1.0000000000000E+00 (CFL 0.800,  43.00% completed)
Starting dt of size  1.0000000000000E+00 (CFL 0.800,  43.05% completed)
Starting dt of size  1.0000000000000E+00 (CFL 0.800,  43.10% completed)
Starting dt of size  1.0000000000000E+00 (CFL 0.800,  43.15% completed)
Starting dt of size  1.0000000000000E+00 (CFL 0.800,  43.20% completed)
Starting dt of size  1.0000000000000E+00 (CFL 0.800,  43.25% completed)
Starting dt of size  1.0000000000000E+00 (CFL 0.800,  43.30% completed)
Starting dt of size  1.0000000000000E+00 (CFL 0.800,  43.35% completed)
Starting dt of size  1.0000000000000E+00 (CFL 0.800,  43.40% completed)
Starting dt of size  1.0000000000000E+00 (CFL 0.800,  43.45% completed)
Starting dt of size  1.0000000000000E+00 (CFL 0.800,  43.50% completed)
Starting dt of size  1.0000000000000E+00 (CFL 0.800,  43.55% completed)
Starting dt of size  1.0000000000000E+00 (CFL 0.800,  43.60% completed)
Starting dt of size  1.0000000000000E+00 (CFL 0.800,  43.65% completed)
Starting dt of size  1.0000000000000E+00 (CFL 0.800,  43.70% completed)
Starting dt of size  1.0000000000000E+00 (CFL 0.800,  43.75% completed)
Starting dt of size  1.0000000000000E+00 (CFL 0.800,  43.80% completed)
Starting dt of size  1.0000000000000E+00 (CFL 0.800,  43.85% completed)
Starting dt of size  1.0000000000000E+00 (CFL 0.800,  43.90% completed)
Starting dt of size  1.0000000000000E+00 (CFL 0.800,  43.95% completed)
Starting dt of size  1.0000000000000E+00 (CFL 0.800,  44.00% completed)
Starting dt of size  1.0000000000000E+00 (CFL 0.800,  44.05% completed)
Starting dt of size  1.0000000000000E+00 (CFL 0.800,  44.10% completed)
Starting dt of size  1.0000000000000E+00 (CFL 0.800,  44.15% completed)
Starting dt of size  1.0000000000000E+00 (CFL 0.800,  44.20% completed)
Starting dt of size  1.0000000000000E+00 (CFL 0.800,  44.25% completed)
Starting dt of size  1.0000000000000E+00 (CFL 0.800,  44.30% completed)
Starting dt of size  1.0000000000000E+00 (CFL 0.800,  44.35% completed)
Starting dt of size  1.0000000000000E+00 (CFL 0.800,  44.40% completed)
Starting dt of size  1.0000000000000E+00 (CFL 0.800,  44.45% completed)
Starting dt of size  1.0000000000000E+00 (CFL 0.800,  44.50% completed)
Starting dt of size  1.0000000000000E+00 (CFL 0.800,  44.55% completed)
Starting dt of size  1.0000000000000E+00 (CFL 0.800,  44.60% completed)
Starting dt of size  1.0000000000000E+00 (CFL 0.800,  44.65% completed)
Starting dt of size  1.0000000000000E+00 (CFL 0.800,  44.70% completed)
Starting dt of size  1.0000000000000E+00 (CFL 0.800,  44.75% completed)
Starting dt of size  1.0000000000000E+00 (CFL 0.800,  44.80% completed)
Starting dt of size  1.0000000000000E+00 (CFL 0.800,  44.85% completed)
Starting dt of size  1.0000000000000E+00 (CFL 0.800,  44.90% completed)
Starting dt of size  1.0000000000000E+00 (CFL 0.800,  44.95% completed)
Starting dt of size  1.0000000000000E+00 (CFL 0.800,  45.00% completed)
Starting dt of size  1.0000000000000E+00 (CFL 0.800,  45.05% completed)
Starting dt of size  1.0000000000000E+00 (CFL 0.800,  45.10% completed)
Starting dt of size  1.0000000000000E+00 (CFL 0.800,  45.15% completed)
Starting dt of size  1.0000000000000E+00 (CFL 0.800,  45.20% completed)
Starting dt of size  1.0000000000000E+00 (CFL 0.800,  45.25% completed)
Starting dt of size  1.0000000000000E+00 (CFL 0.800,  45.30% completed)
Starting dt of size  1.0000000000000E+00 (CFL 0.800,  45.35% completed)
Starting dt of size  1.0000000000000E+00 (CFL 0.800,  45.40% completed)
Starting dt of size  1.0000000000000E+00 (CFL 0.800,  45.45% completed)
Starting dt of size  1.0000000000000E+00 (CFL 0.800,  45.50% completed)
Starting dt of size  1.0000000000000E+00 (CFL 0.800,  45.55% completed)
Starting dt of size  1.0000000000000E+00 (CFL 0.800,  45.60% completed)
Starting dt of size  1.0000000000000E+00 (CFL 0.800,  45.65% completed)
Starting dt of size  1.0000000000000E+00 (CFL 0.800,  45.70% completed)
Starting dt of size  1.0000000000000E+00 (CFL 0.800,  45.75% completed)
Starting dt of size  1.0000000000000E+00 (CFL 0.800,  45.80% completed)
Starting dt of size  1.0000000000000E+00 (CFL 0.800,  45.85% completed)
Starting dt of size  1.0000000000000E+00 (CFL 0.800,  45.90% completed)
Starting dt of size  1.0000000000000E+00 (CFL 0.800,  45.95% completed)
Starting dt of size  1.0000000000000E+00 (CFL 0.800,  46.00% completed)
Starting dt of size  1.0000000000000E+00 (CFL 0.800,  46.05% completed)
Starting dt of size  1.0000000000000E+00 (CFL 0.800,  46.10% completed)
Starting dt of size  1.0000000000000E+00 (CFL 0.800,  46.15% completed)
Starting dt of size  1.0000000000000E+00 (CFL 0.800,  46.20% completed)
Starting dt of size  1.0000000000000E+00 (CFL 0.800,  46.25% completed)
Starting dt of size  1.0000000000000E+00 (CFL 0.800,  46.30% completed)
Starting dt of size  1.0000000000000E+00 (CFL 0.800,  46.35% completed)
Starting dt of size  1.0000000000000E+00 (CFL 0.800,  46.40% completed)
Starting dt of size  1.0000000000000E+00 (CFL 0.800,  46.45% completed)
Starting dt of size  1.0000000000000E+00 (CFL 0.800,  46.50% completed)
Starting dt of size  1.0000000000000E+00 (CFL 0.800,  46.55% completed)
Starting dt of size  1.0000000000000E+00 (CFL 0.800,  46.60% completed)
Starting dt of size  1.0000000000000E+00 (CFL 0.800,  46.65% completed)
Starting dt of size  1.0000000000000E+00 (CFL 0.800,  46.70% completed)
Starting dt of size  1.0000000000000E+00 (CFL 0.800,  46.75% completed)
Starting dt of size  1.0000000000000E+00 (CFL 0.800,  46.80% completed)
Starting dt of size  1.0000000000000E+00 (CFL 0.800,  46.85% completed)
Starting dt of size  1.0000000000000E+00 (CFL 0.800,  46.90% completed)
Starting dt of size  1.0000000000000E+00 (CFL 0.800,  46.95% completed)
Starting dt of size  1.0000000000000E+00 (CFL 0.800,  47.00% completed)
Starting dt of size  1.0000000000000E+00 (CFL 0.800,  47.05% completed)
Starting dt of size  1.0000000000000E+00 (CFL 0.800,  47.10% completed)
Starting dt of size  1.0000000000000E+00 (CFL 0.800,  47.15% completed)
Starting dt of size  1.0000000000000E+00 (CFL 0.800,  47.20% completed)
Starting dt of size  1.0000000000000E+00 (CFL 0.800,  47.25% completed)
Starting dt of size  1.0000000000000E+00 (CFL 0.800,  47.30% completed)
Starting dt of size  1.0000000000000E+00 (CFL 0.800,  47.35% completed)
Starting dt of size  1.0000000000000E+00 (CFL 0.800,  47.40% completed)
Starting dt of size  1.0000000000000E+00 (CFL 0.800,  47.45% completed)
Starting dt of size  1.0000000000000E+00 (CFL 0.800,  47.50% completed)
Starting dt of size  1.0000000000000E+00 (CFL 0.800,  47.55% completed)
Starting dt of size  1.0000000000000E+00 (CFL 0.800,  47.60% completed)
Starting dt of size  1.0000000000000E+00 (CFL 0.800,  47.65% completed)
Starting dt of size  1.0000000000000E+00 (CFL 0.800,  47.70% completed)
Starting dt of size  1.0000000000000E+00 (CFL 0.800,  47.75% completed)
Starting dt of size  1.0000000000000E+00 (CFL 0.800,  47.80% completed)
Starting dt of size  1.0000000000000E+00 (CFL 0.800,  47.85% completed)
Starting dt of size  1.0000000000000E+00 (CFL 0.800,  47.90% completed)
Starting dt of size  1.0000000000000E+00 (CFL 0.800,  47.95% completed)
Starting dt of size  1.0000000000000E+00 (CFL 0.800,  48.00% completed)
Starting dt of size  1.0000000000000E+00 (CFL 0.800,  48.05% completed)
Starting dt of size  1.0000000000000E+00 (CFL 0.800,  48.10% completed)
Starting dt of size  1.0000000000000E+00 (CFL 0.800,  48.15% completed)
Starting dt of size  1.0000000000000E+00 (CFL 0.800,  48.20% completed)
Starting dt of size  1.0000000000000E+00 (CFL 0.800,  48.25% completed)
Starting dt of size  1.0000000000000E+00 (CFL 0.800,  48.30% completed)
Starting dt of size  1.0000000000000E+00 (CFL 0.800,  48.35% completed)
Starting dt of size  1.0000000000000E+00 (CFL 0.800,  48.40% completed)
Starting dt of size  1.0000000000000E+00 (CFL 0.800,  48.45% completed)
Starting dt of size  1.0000000000000E+00 (CFL 0.800,  48.50% completed)
Starting dt of size  1.0000000000000E+00 (CFL 0.800,  48.55% completed)
Starting dt of size  1.0000000000000E+00 (CFL 0.800,  48.60% completed)
Starting dt of size  1.0000000000000E+00 (CFL 0.800,  48.65% completed)
Starting dt of size  1.0000000000000E+00 (CFL 0.800,  48.70% completed)
Starting dt of size  1.0000000000000E+00 (CFL 0.800,  48.75% completed)
Starting dt of size  1.0000000000000E+00 (CFL 0.800,  48.80% completed)
Starting dt of size  1.0000000000000E+00 (CFL 0.800,  48.85% completed)
Starting dt of size  1.0000000000000E+00 (CFL 0.800,  48.90% completed)
Starting dt of size  1.0000000000000E+00 (CFL 0.800,  48.95% completed)
Starting dt of size  1.0000000000000E+00 (CFL 0.800,  49.00% completed)
Starting dt of size  1.0000000000000E+00 (CFL 0.800,  49.05% completed)
Starting dt of size  1.0000000000000E+00 (CFL 0.800,  49.10% completed)
Starting dt of size  1.0000000000000E+00 (CFL 0.800,  49.15% completed)
Starting dt of size  1.0000000000000E+00 (CFL 0.800,  49.20% completed)
Starting dt of size  1.0000000000000E+00 (CFL 0.800,  49.25% completed)
Starting dt of size  1.0000000000000E+00 (CFL 0.800,  49.30% completed)
Starting dt of size  1.0000000000000E+00 (CFL 0.800,  49.35% completed)
Starting dt of size  1.0000000000000E+00 (CFL 0.800,  49.40% completed)
Starting dt of size  1.0000000000000E+00 (CFL 0.800,  49.45% completed)
Starting dt of size  1.0000000000000E+00 (CFL 0.800,  49.50% completed)
Starting dt of size  1.0000000000000E+00 (CFL 0.800,  49.55% completed)
Starting dt of size  1.0000000000000E+00 (CFL 0.800,  49.60% completed)
Starting dt of size  1.0000000000000E+00 (CFL 0.800,  49.65% completed)
Starting dt of size  1.0000000000000E+00 (CFL 0.800,  49.70% completed)
Starting dt of size  1.0000000000000E+00 (CFL 0.800,  49.75% completed)
Starting dt of size  1.0000000000000E+00 (CFL 0.800,  49.80% completed)
Starting dt of size  1.0000000000000E+00 (CFL 0.800,  49.85% completed)
Starting dt of size  1.0000000000000E+00 (CFL 0.800,  49.90% completed)
Starting dt of size  1.0000000000000E+00 (CFL 0.800,  49.95% completed)
Starting dt of size  1.0000000000000E+00 (CFL 0.800,  50.00% completed)
Starting dt of size  1.0000000000000E+00 (CFL 0.800,  50.05% completed)
Starting dt of size  1.0000000000000E+00 (CFL 0.800,  50.10% completed)
Starting dt of size  1.0000000000000E+00 (CFL 0.800,  50.15% completed)
Starting dt of size  1.0000000000000E+00 (CFL 0.800,  50.20% completed)
Starting dt of size  1.0000000000000E+00 (CFL 0.800,  50.25% completed)
Starting dt of size  1.0000000000000E+00 (CFL 0.800,  50.30% completed)
Starting dt of size  1.0000000000000E+00 (CFL 0.800,  50.35% completed)
Starting dt of size  1.0000000000000E+00 (CFL 0.800,  50.40% completed)
Starting dt of size  1.0000000000000E+00 (CFL 0.800,  50.45% completed)
Starting dt of size  1.0000000000000E+00 (CFL 0.800,  50.50% completed)
Starting dt of size  1.0000000000000E+00 (CFL 0.800,  50.55% completed)
Starting dt of size  1.0000000000000E+00 (CFL 0.800,  50.60% completed)
Starting dt of size  1.0000000000000E+00 (CFL 0.800,  50.65% completed)
Starting dt of size  1.0000000000000E+00 (CFL 0.800,  50.70% completed)
Starting dt of size  1.0000000000000E+00 (CFL 0.800,  50.75% completed)
Starting dt of size  1.0000000000000E+00 (CFL 0.800,  50.80% completed)
Starting dt of size  1.0000000000000E+00 (CFL 0.800,  50.85% completed)
Starting dt of size  1.0000000000000E+00 (CFL 0.800,  50.90% completed)
Starting dt of size  1.0000000000000E+00 (CFL 0.800,  50.95% completed)
Starting dt of size  1.0000000000000E+00 (CFL 0.800,  51.00% completed)
Starting dt of size  1.0000000000000E+00 (CFL 0.800,  51.05% completed)
Starting dt of size  1.0000000000000E+00 (CFL 0.800,  51.10% completed)
Starting dt of size  1.0000000000000E+00 (CFL 0.800,  51.15% completed)
Starting dt of size  1.0000000000000E+00 (CFL 0.800,  51.20% completed)
Starting dt of size  1.0000000000000E+00 (CFL 0.800,  51.25% completed)
Starting dt of size  1.0000000000000E+00 (CFL 0.800,  51.30% completed)
Starting dt of size  1.0000000000000E+00 (CFL 0.800,  51.35% completed)
Starting dt of size  1.0000000000000E+00 (CFL 0.800,  51.40% completed)
Starting dt of size  1.0000000000000E+00 (CFL 0.800,  51.45% completed)
Starting dt of size  1.0000000000000E+00 (CFL 0.800,  51.50% completed)
Starting dt of size  1.0000000000000E+00 (CFL 0.800,  51.55% completed)
Starting dt of size  1.0000000000000E+00 (CFL 0.800,  51.60% completed)
Starting dt of size  1.0000000000000E+00 (CFL 0.800,  51.65% completed)
Starting dt of size  1.0000000000000E+00 (CFL 0.800,  51.70% completed)
Starting dt of size  1.0000000000000E+00 (CFL 0.800,  51.75% completed)
Starting dt of size  1.0000000000000E+00 (CFL 0.800,  51.80% completed)
Starting dt of size  1.0000000000000E+00 (CFL 0.800,  51.85% completed)
Starting dt of size  1.0000000000000E+00 (CFL 0.800,  51.90% completed)
Starting dt of size  1.0000000000000E+00 (CFL 0.800,  51.95% completed)
Starting dt of size  1.0000000000000E+00 (CFL 0.800,  52.00% completed)
Starting dt of size  1.0000000000000E+00 (CFL 0.800,  52.05% completed)
Starting dt of size  1.0000000000000E+00 (CFL 0.800,  52.10% completed)
Starting dt of size  1.0000000000000E+00 (CFL 0.800,  52.15% completed)
Starting dt of size  1.0000000000000E+00 (CFL 0.800,  52.20% completed)
Starting dt of size  1.0000000000000E+00 (CFL 0.800,  52.25% completed)
Starting dt of size  1.0000000000000E+00 (CFL 0.800,  52.30% completed)
Starting dt of size  1.0000000000000E+00 (CFL 0.800,  52.35% completed)
Starting dt of size  1.0000000000000E+00 (CFL 0.800,  52.40% completed)
Starting dt of size  1.0000000000000E+00 (CFL 0.800,  52.45% completed)
Starting dt of size  1.0000000000000E+00 (CFL 0.800,  52.50% completed)
Starting dt of size  1.0000000000000E+00 (CFL 0.800,  52.55% completed)
Starting dt of size  1.0000000000000E+00 (CFL 0.800,  52.60% completed)
Starting dt of size  1.0000000000000E+00 (CFL 0.800,  52.65% completed)
Starting dt of size  1.0000000000000E+00 (CFL 0.800,  52.70% completed)
Starting dt of size  1.0000000000000E+00 (CFL 0.800,  52.75% completed)
Starting dt of size  1.0000000000000E+00 (CFL 0.800,  52.80% completed)
Starting dt of size  1.0000000000000E+00 (CFL 0.800,  52.85% completed)
Starting dt of size  1.0000000000000E+00 (CFL 0.800,  52.90% completed)
Starting dt of size  1.0000000000000E+00 (CFL 0.800,  52.95% completed)
Starting dt of size  1.0000000000000E+00 (CFL 0.800,  53.00% completed)
Starting dt of size  1.0000000000000E+00 (CFL 0.800,  53.05% completed)
Starting dt of size  1.0000000000000E+00 (CFL 0.800,  53.10% completed)
Starting dt of size  1.0000000000000E+00 (CFL 0.800,  53.15% completed)
Starting dt of size  1.0000000000000E+00 (CFL 0.800,  53.20% completed)
Starting dt of size  1.0000000000000E+00 (CFL 0.800,  53.25% completed)
Starting dt of size  1.0000000000000E+00 (CFL 0.800,  53.30% completed)
Starting dt of size  1.0000000000000E+00 (CFL 0.800,  53.35% completed)
Starting dt of size  1.0000000000000E+00 (CFL 0.800,  53.40% completed)
Starting dt of size  1.0000000000000E+00 (CFL 0.800,  53.45% completed)
Starting dt of size  1.0000000000000E+00 (CFL 0.800,  53.50% completed)
Starting dt of size  1.0000000000000E+00 (CFL 0.800,  53.55% completed)
Starting dt of size  1.0000000000000E+00 (CFL 0.800,  53.60% completed)
Starting dt of size  1.0000000000000E+00 (CFL 0.800,  53.65% completed)
Starting dt of size  1.0000000000000E+00 (CFL 0.800,  53.70% completed)
Starting dt of size  1.0000000000000E+00 (CFL 0.800,  53.75% completed)
Starting dt of size  1.0000000000000E+00 (CFL 0.800,  53.80% completed)
Starting dt of size  1.0000000000000E+00 (CFL 0.800,  53.85% completed)
Starting dt of size  1.0000000000000E+00 (CFL 0.800,  53.90% completed)
Starting dt of size  1.0000000000000E+00 (CFL 0.800,  53.95% completed)
Starting dt of size  1.0000000000000E+00 (CFL 0.800,  54.00% completed)
Starting dt of size  1.0000000000000E+00 (CFL 0.800,  54.05% completed)
Starting dt of size  1.0000000000000E+00 (CFL 0.800,  54.10% completed)
Starting dt of size  1.0000000000000E+00 (CFL 0.800,  54.15% completed)
Starting dt of size  1.0000000000000E+00 (CFL 0.800,  54.20% completed)
Starting dt of size  1.0000000000000E+00 (CFL 0.800,  54.25% completed)
Starting dt of size  1.0000000000000E+00 (CFL 0.800,  54.30% completed)
Starting dt of size  1.0000000000000E+00 (CFL 0.800,  54.35% completed)
Starting dt of size  1.0000000000000E+00 (CFL 0.800,  54.40% completed)
Starting dt of size  1.0000000000000E+00 (CFL 0.800,  54.45% completed)
Starting dt of size  1.0000000000000E+00 (CFL 0.800,  54.50% completed)
Starting dt of size  1.0000000000000E+00 (CFL 0.800,  54.55% completed)
Starting dt of size  1.0000000000000E+00 (CFL 0.800,  54.60% completed)
Starting dt of size  1.0000000000000E+00 (CFL 0.800,  54.65% completed)
Starting dt of size  1.0000000000000E+00 (CFL 0.800,  54.70% completed)
Starting dt of size  1.0000000000000E+00 (CFL 0.800,  54.75% completed)
Starting dt of size  1.0000000000000E+00 (CFL 0.800,  54.80% completed)
Starting dt of size  1.0000000000000E+00 (CFL 0.800,  54.85% completed)
Starting dt of size  1.0000000000000E+00 (CFL 0.800,  54.90% completed)
Starting dt of size  1.0000000000000E+00 (CFL 0.800,  54.95% completed)
Starting dt of size  1.0000000000000E+00 (CFL 0.800,  55.00% completed)
Starting dt of size  1.0000000000000E+00 (CFL 0.800,  55.05% completed)
Starting dt of size  1.0000000000000E+00 (CFL 0.800,  55.10% completed)
Starting dt of size  1.0000000000000E+00 (CFL 0.800,  55.15% completed)
Starting dt of size  1.0000000000000E+00 (CFL 0.800,  55.20% completed)
Starting dt of size  1.0000000000000E+00 (CFL 0.800,  55.25% completed)
Starting dt of size  1.0000000000000E+00 (CFL 0.800,  55.30% completed)
Starting dt of size  1.0000000000000E+00 (CFL 0.800,  55.35% completed)
Starting dt of size  1.0000000000000E+00 (CFL 0.800,  55.40% completed)
Starting dt of size  1.0000000000000E+00 (CFL 0.800,  55.45% completed)
Starting dt of size  1.0000000000000E+00 (CFL 0.800,  55.50% completed)
Starting dt of size  1.0000000000000E+00 (CFL 0.800,  55.55% completed)
Starting dt of size  1.0000000000000E+00 (CFL 0.800,  55.60% completed)
Starting dt of size  1.0000000000000E+00 (CFL 0.800,  55.65% completed)
Starting dt of size  1.0000000000000E+00 (CFL 0.800,  55.70% completed)
Starting dt of size  1.0000000000000E+00 (CFL 0.800,  55.75% completed)
Starting dt of size  1.0000000000000E+00 (CFL 0.800,  55.80% completed)
Starting dt of size  1.0000000000000E+00 (CFL 0.800,  55.85% completed)
Starting dt of size  1.0000000000000E+00 (CFL 0.800,  55.90% completed)
Starting dt of size  1.0000000000000E+00 (CFL 0.800,  55.95% completed)
Starting dt of size  1.0000000000000E+00 (CFL 0.800,  56.00% completed)
Starting dt of size  1.0000000000000E+00 (CFL 0.800,  56.05% completed)
Starting dt of size  1.0000000000000E+00 (CFL 0.800,  56.10% completed)
Starting dt of size  1.0000000000000E+00 (CFL 0.800,  56.15% completed)
Starting dt of size  1.0000000000000E+00 (CFL 0.800,  56.20% completed)
Starting dt of size  1.0000000000000E+00 (CFL 0.800,  56.25% completed)
Starting dt of size  1.0000000000000E+00 (CFL 0.800,  56.30% completed)
Starting dt of size  1.0000000000000E+00 (CFL 0.800,  56.35% completed)
Starting dt of size  1.0000000000000E+00 (CFL 0.800,  56.40% completed)
Starting dt of size  1.0000000000000E+00 (CFL 0.800,  56.45% completed)
Starting dt of size  1.0000000000000E+00 (CFL 0.800,  56.50% completed)
Starting dt of size  1.0000000000000E+00 (CFL 0.800,  56.55% completed)
Starting dt of size  1.0000000000000E+00 (CFL 0.800,  56.60% completed)
Starting dt of size  1.0000000000000E+00 (CFL 0.800,  56.65% completed)
Starting dt of size  1.0000000000000E+00 (CFL 0.800,  56.70% completed)
Starting dt of size  1.0000000000000E+00 (CFL 0.800,  56.75% completed)
Starting dt of size  1.0000000000000E+00 (CFL 0.800,  56.80% completed)
Starting dt of size  1.0000000000000E+00 (CFL 0.800,  56.85% completed)
Starting dt of size  1.0000000000000E+00 (CFL 0.800,  56.90% completed)
Starting dt of size  1.0000000000000E+00 (CFL 0.800,  56.95% completed)
Starting dt of size  1.0000000000000E+00 (CFL 0.800,  57.00% completed)
Starting dt of size  1.0000000000000E+00 (CFL 0.800,  57.05% completed)
Starting dt of size  1.0000000000000E+00 (CFL 0.800,  57.10% completed)
Starting dt of size  1.0000000000000E+00 (CFL 0.800,  57.15% completed)
Starting dt of size  1.0000000000000E+00 (CFL 0.800,  57.20% completed)
Starting dt of size  1.0000000000000E+00 (CFL 0.800,  57.25% completed)
Starting dt of size  1.0000000000000E+00 (CFL 0.800,  57.30% completed)
Starting dt of size  1.0000000000000E+00 (CFL 0.800,  57.35% completed)
Starting dt of size  1.0000000000000E+00 (CFL 0.800,  57.40% completed)
Starting dt of size  1.0000000000000E+00 (CFL 0.800,  57.45% completed)
Starting dt of size  1.0000000000000E+00 (CFL 0.800,  57.50% completed)
Starting dt of size  1.0000000000000E+00 (CFL 0.800,  57.55% completed)
Starting dt of size  1.0000000000000E+00 (CFL 0.800,  57.60% completed)
Starting dt of size  1.0000000000000E+00 (CFL 0.800,  57.65% completed)
Starting dt of size  1.0000000000000E+00 (CFL 0.800,  57.70% completed)
Starting dt of size  1.0000000000000E+00 (CFL 0.800,  57.75% completed)
Starting dt of size  1.0000000000000E+00 (CFL 0.800,  57.80% completed)
Starting dt of size  1.0000000000000E+00 (CFL 0.800,  57.85% completed)
Starting dt of size  1.0000000000000E+00 (CFL 0.800,  57.90% completed)
Starting dt of size  1.0000000000000E+00 (CFL 0.800,  57.95% completed)
Starting dt of size  1.0000000000000E+00 (CFL 0.800,  58.00% completed)
Starting dt of size  1.0000000000000E+00 (CFL 0.800,  58.05% completed)
Starting dt of size  1.0000000000000E+00 (CFL 0.800,  58.10% completed)
Starting dt of size  1.0000000000000E+00 (CFL 0.800,  58.15% completed)
Starting dt of size  1.0000000000000E+00 (CFL 0.800,  58.20% completed)
Starting dt of size  1.0000000000000E+00 (CFL 0.800,  58.25% completed)
Starting dt of size  1.0000000000000E+00 (CFL 0.800,  58.30% completed)
Starting dt of size  1.0000000000000E+00 (CFL 0.800,  58.35% completed)
Starting dt of size  1.0000000000000E+00 (CFL 0.800,  58.40% completed)
Starting dt of size  1.0000000000000E+00 (CFL 0.800,  58.45% completed)
Starting dt of size  1.0000000000000E+00 (CFL 0.800,  58.50% completed)
Starting dt of size  1.0000000000000E+00 (CFL 0.800,  58.55% completed)
Starting dt of size  1.0000000000000E+00 (CFL 0.800,  58.60% completed)
Starting dt of size  1.0000000000000E+00 (CFL 0.800,  58.65% completed)
Starting dt of size  1.0000000000000E+00 (CFL 0.800,  58.70% completed)
Starting dt of size  1.0000000000000E+00 (CFL 0.800,  58.75% completed)
Starting dt of size  1.0000000000000E+00 (CFL 0.800,  58.80% completed)
Starting dt of size  1.0000000000000E+00 (CFL 0.800,  58.85% completed)
Starting dt of size  1.0000000000000E+00 (CFL 0.800,  58.90% completed)
Starting dt of size  1.0000000000000E+00 (CFL 0.800,  58.95% completed)
Starting dt of size  1.0000000000000E+00 (CFL 0.800,  59.00% completed)
Starting dt of size  1.0000000000000E+00 (CFL 0.800,  59.05% completed)
Starting dt of size  1.0000000000000E+00 (CFL 0.800,  59.10% completed)
Starting dt of size  1.0000000000000E+00 (CFL 0.800,  59.15% completed)
Starting dt of size  1.0000000000000E+00 (CFL 0.800,  59.20% completed)
Starting dt of size  1.0000000000000E+00 (CFL 0.800,  59.25% completed)
Starting dt of size  1.0000000000000E+00 (CFL 0.800,  59.30% completed)
Starting dt of size  1.0000000000000E+00 (CFL 0.800,  59.35% completed)
Starting dt of size  1.0000000000000E+00 (CFL 0.800,  59.40% completed)
Starting dt of size  1.0000000000000E+00 (CFL 0.800,  59.45% completed)
Starting dt of size  1.0000000000000E+00 (CFL 0.800,  59.50% completed)
Starting dt of size  1.0000000000000E+00 (CFL 0.800,  59.55% completed)
Starting dt of size  1.0000000000000E+00 (CFL 0.800,  59.60% completed)
Starting dt of size  1.0000000000000E+00 (CFL 0.800,  59.65% completed)
Starting dt of size  1.0000000000000E+00 (CFL 0.800,  59.70% completed)
Starting dt of size  1.0000000000000E+00 (CFL 0.800,  59.75% completed)
Starting dt of size  1.0000000000000E+00 (CFL 0.800,  59.80% completed)
Starting dt of size  1.0000000000000E+00 (CFL 0.800,  59.85% completed)
Starting dt of size  1.0000000000000E+00 (CFL 0.800,  59.90% completed)
Starting dt of size  1.0000000000000E+00 (CFL 0.800,  59.95% completed)
Starting dt of size  1.0000000000000E+00 (CFL 0.800,  60.00% completed)
Starting dt of size  1.0000000000000E+00 (CFL 0.800,  60.05% completed)
Starting dt of size  1.0000000000000E+00 (CFL 0.800,  60.10% completed)
Starting dt of size  1.0000000000000E+00 (CFL 0.800,  60.15% completed)
Starting dt of size  1.0000000000000E+00 (CFL 0.800,  60.20% completed)
Starting dt of size  1.0000000000000E+00 (CFL 0.800,  60.25% completed)
Starting dt of size  1.0000000000000E+00 (CFL 0.800,  60.30% completed)
Starting dt of size  1.0000000000000E+00 (CFL 0.800,  60.35% completed)
Starting dt of size  1.0000000000000E+00 (CFL 0.800,  60.40% completed)
Starting dt of size  1.0000000000000E+00 (CFL 0.800,  60.45% completed)
Starting dt of size  1.0000000000000E+00 (CFL 0.800,  60.50% completed)
Starting dt of size  1.0000000000000E+00 (CFL 0.800,  60.55% completed)
Starting dt of size  1.0000000000000E+00 (CFL 0.800,  60.60% completed)
Starting dt of size  1.0000000000000E+00 (CFL 0.800,  60.65% completed)
Starting dt of size  1.0000000000000E+00 (CFL 0.800,  60.70% completed)
Starting dt of size  1.0000000000000E+00 (CFL 0.800,  60.75% completed)
Starting dt of size  1.0000000000000E+00 (CFL 0.800,  60.80% completed)
Starting dt of size  1.0000000000000E+00 (CFL 0.800,  60.85% completed)
Starting dt of size  1.0000000000000E+00 (CFL 0.800,  60.90% completed)
Starting dt of size  1.0000000000000E+00 (CFL 0.800,  60.95% completed)
Starting dt of size  1.0000000000000E+00 (CFL 0.800,  61.00% completed)
Starting dt of size  1.0000000000000E+00 (CFL 0.800,  61.05% completed)
Starting dt of size  1.0000000000000E+00 (CFL 0.800,  61.10% completed)
Starting dt of size  1.0000000000000E+00 (CFL 0.800,  61.15% completed)
Starting dt of size  1.0000000000000E+00 (CFL 0.800,  61.20% completed)
Starting dt of size  1.0000000000000E+00 (CFL 0.800,  61.25% completed)
Starting dt of size  1.0000000000000E+00 (CFL 0.800,  61.30% completed)
Starting dt of size  1.0000000000000E+00 (CFL 0.800,  61.35% completed)
Starting dt of size  1.0000000000000E+00 (CFL 0.800,  61.40% completed)
Starting dt of size  1.0000000000000E+00 (CFL 0.800,  61.45% completed)
Starting dt of size  1.0000000000000E+00 (CFL 0.800,  61.50% completed)
Starting dt of size  1.0000000000000E+00 (CFL 0.800,  61.55% completed)
Starting dt of size  1.0000000000000E+00 (CFL 0.800,  61.60% completed)
Starting dt of size  1.0000000000000E+00 (CFL 0.800,  61.65% completed)
Starting dt of size  1.0000000000000E+00 (CFL 0.800,  61.70% completed)
Starting dt of size  1.0000000000000E+00 (CFL 0.800,  61.75% completed)
Starting dt of size  1.0000000000000E+00 (CFL 0.800,  61.80% completed)
Starting dt of size  1.0000000000000E+00 (CFL 0.800,  61.85% completed)
Starting dt of size  1.0000000000000E+00 (CFL 0.800,  61.90% completed)
Starting dt of size  1.0000000000000E+00 (CFL 0.800,  61.95% completed)
Starting dt of size  1.0000000000000E+00 (CFL 0.800,  62.00% completed)
Starting dt of size  1.0000000000000E+00 (CFL 0.800,  62.05% completed)
Starting dt of size  1.0000000000000E+00 (CFL 0.800,  62.10% completed)
Starting dt of size  1.0000000000000E+00 (CFL 0.800,  62.15% completed)
Starting dt of size  1.0000000000000E+00 (CFL 0.800,  62.20% completed)
Starting dt of size  1.0000000000000E+00 (CFL 0.800,  62.25% completed)
Starting dt of size  1.0000000000000E+00 (CFL 0.800,  62.30% completed)
Starting dt of size  1.0000000000000E+00 (CFL 0.800,  62.35% completed)
Starting dt of size  1.0000000000000E+00 (CFL 0.800,  62.40% completed)
Starting dt of size  1.0000000000000E+00 (CFL 0.800,  62.45% completed)
Starting dt of size  1.0000000000000E+00 (CFL 0.800,  62.50% completed)
Starting dt of size  1.0000000000000E+00 (CFL 0.800,  62.55% completed)
Starting dt of size  1.0000000000000E+00 (CFL 0.800,  62.60% completed)
Starting dt of size  1.0000000000000E+00 (CFL 0.800,  62.65% completed)
Starting dt of size  1.0000000000000E+00 (CFL 0.800,  62.70% completed)
Starting dt of size  1.0000000000000E+00 (CFL 0.800,  62.75% completed)
Starting dt of size  1.0000000000000E+00 (CFL 0.800,  62.80% completed)
Starting dt of size  1.0000000000000E+00 (CFL 0.800,  62.85% completed)
Starting dt of size  1.0000000000000E+00 (CFL 0.800,  62.90% completed)
Starting dt of size  1.0000000000000E+00 (CFL 0.800,  62.95% completed)
Starting dt of size  1.0000000000000E+00 (CFL 0.800,  63.00% completed)
Starting dt of size  1.0000000000000E+00 (CFL 0.800,  63.05% completed)
Starting dt of size  1.0000000000000E+00 (CFL 0.800,  63.10% completed)
Starting dt of size  1.0000000000000E+00 (CFL 0.800,  63.15% completed)
Starting dt of size  1.0000000000000E+00 (CFL 0.800,  63.20% completed)
Starting dt of size  1.0000000000000E+00 (CFL 0.800,  63.25% completed)
Starting dt of size  1.0000000000000E+00 (CFL 0.800,  63.30% completed)
Starting dt of size  1.0000000000000E+00 (CFL 0.800,  63.35% completed)
Starting dt of size  1.0000000000000E+00 (CFL 0.800,  63.40% completed)
Starting dt of size  1.0000000000000E+00 (CFL 0.800,  63.45% completed)
Starting dt of size  1.0000000000000E+00 (CFL 0.800,  63.50% completed)
Starting dt of size  1.0000000000000E+00 (CFL 0.800,  63.55% completed)
Starting dt of size  1.0000000000000E+00 (CFL 0.800,  63.60% completed)
Starting dt of size  1.0000000000000E+00 (CFL 0.800,  63.65% completed)
Starting dt of size  1.0000000000000E+00 (CFL 0.800,  63.70% completed)
Starting dt of size  1.0000000000000E+00 (CFL 0.800,  63.75% completed)
Starting dt of size  1.0000000000000E+00 (CFL 0.800,  63.80% completed)
Starting dt of size  1.0000000000000E+00 (CFL 0.800,  63.85% completed)
Starting dt of size  1.0000000000000E+00 (CFL 0.800,  63.90% completed)
Starting dt of size  1.0000000000000E+00 (CFL 0.800,  63.95% completed)
Starting dt of size  1.0000000000000E+00 (CFL 0.800,  64.00% completed)
Starting dt of size  1.0000000000000E+00 (CFL 0.800,  64.05% completed)
Starting dt of size  1.0000000000000E+00 (CFL 0.800,  64.10% completed)
Starting dt of size  1.0000000000000E+00 (CFL 0.800,  64.15% completed)
Starting dt of size  1.0000000000000E+00 (CFL 0.800,  64.20% completed)
Starting dt of size  1.0000000000000E+00 (CFL 0.800,  64.25% completed)
Starting dt of size  1.0000000000000E+00 (CFL 0.800,  64.30% completed)
Starting dt of size  1.0000000000000E+00 (CFL 0.800,  64.35% completed)
Starting dt of size  1.0000000000000E+00 (CFL 0.800,  64.40% completed)
Starting dt of size  1.0000000000000E+00 (CFL 0.800,  64.45% completed)
Starting dt of size  1.0000000000000E+00 (CFL 0.800,  64.50% completed)
Starting dt of size  1.0000000000000E+00 (CFL 0.800,  64.55% completed)
Starting dt of size  1.0000000000000E+00 (CFL 0.800,  64.60% completed)
Starting dt of size  1.0000000000000E+00 (CFL 0.800,  64.65% completed)
Starting dt of size  1.0000000000000E+00 (CFL 0.800,  64.70% completed)
Starting dt of size  1.0000000000000E+00 (CFL 0.800,  64.75% completed)
Starting dt of size  1.0000000000000E+00 (CFL 0.800,  64.80% completed)
Starting dt of size  1.0000000000000E+00 (CFL 0.800,  64.85% completed)
Starting dt of size  1.0000000000000E+00 (CFL 0.800,  64.90% completed)
Starting dt of size  1.0000000000000E+00 (CFL 0.800,  64.95% completed)
Starting dt of size  1.0000000000000E+00 (CFL 0.800,  65.00% completed)
Starting dt of size  1.0000000000000E+00 (CFL 0.800,  65.05% completed)
Starting dt of size  1.0000000000000E+00 (CFL 0.800,  65.10% completed)
Starting dt of size  1.0000000000000E+00 (CFL 0.800,  65.15% completed)
Starting dt of size  1.0000000000000E+00 (CFL 0.800,  65.20% completed)
Starting dt of size  1.0000000000000E+00 (CFL 0.800,  65.25% completed)
Starting dt of size  1.0000000000000E+00 (CFL 0.800,  65.30% completed)
Starting dt of size  1.0000000000000E+00 (CFL 0.800,  65.35% completed)
Starting dt of size  1.0000000000000E+00 (CFL 0.800,  65.40% completed)
Starting dt of size  1.0000000000000E+00 (CFL 0.800,  65.45% completed)
Starting dt of size  1.0000000000000E+00 (CFL 0.800,  65.50% completed)
Starting dt of size  1.0000000000000E+00 (CFL 0.800,  65.55% completed)
Starting dt of size  1.0000000000000E+00 (CFL 0.800,  65.60% completed)
Starting dt of size  1.0000000000000E+00 (CFL 0.800,  65.65% completed)
Starting dt of size  1.0000000000000E+00 (CFL 0.800,  65.70% completed)
Starting dt of size  1.0000000000000E+00 (CFL 0.800,  65.75% completed)
Starting dt of size  1.0000000000000E+00 (CFL 0.800,  65.80% completed)
Starting dt of size  1.0000000000000E+00 (CFL 0.800,  65.85% completed)
Starting dt of size  1.0000000000000E+00 (CFL 0.800,  65.90% completed)
Starting dt of size  1.0000000000000E+00 (CFL 0.800,  65.95% completed)
Starting dt of size  1.0000000000000E+00 (CFL 0.800,  66.00% completed)
Starting dt of size  1.0000000000000E+00 (CFL 0.800,  66.05% completed)
Starting dt of size  1.0000000000000E+00 (CFL 0.800,  66.10% completed)
Starting dt of size  1.0000000000000E+00 (CFL 0.800,  66.15% completed)
Starting dt of size  1.0000000000000E+00 (CFL 0.800,  66.20% completed)
Starting dt of size  1.0000000000000E+00 (CFL 0.800,  66.25% completed)
Starting dt of size  1.0000000000000E+00 (CFL 0.800,  66.30% completed)
Starting dt of size  1.0000000000000E+00 (CFL 0.800,  66.35% completed)
Starting dt of size  1.0000000000000E+00 (CFL 0.800,  66.40% completed)
Starting dt of size  1.0000000000000E+00 (CFL 0.800,  66.45% completed)
Starting dt of size  1.0000000000000E+00 (CFL 0.800,  66.50% completed)
Starting dt of size  1.0000000000000E+00 (CFL 0.800,  66.55% completed)
Starting dt of size  1.0000000000000E+00 (CFL 0.800,  66.60% completed)
Starting dt of size  1.0000000000000E+00 (CFL 0.800,  66.65% completed)
Starting dt of size  1.0000000000000E+00 (CFL 0.800,  66.70% completed)
Starting dt of size  1.0000000000000E+00 (CFL 0.800,  66.75% completed)
Starting dt of size  1.0000000000000E+00 (CFL 0.800,  66.80% completed)
Starting dt of size  1.0000000000000E+00 (CFL 0.800,  66.85% completed)
Starting dt of size  1.0000000000000E+00 (CFL 0.800,  66.90% completed)
Starting dt of size  1.0000000000000E+00 (CFL 0.800,  66.95% completed)
Starting dt of size  1.0000000000000E+00 (CFL 0.800,  67.00% completed)
Starting dt of size  1.0000000000000E+00 (CFL 0.800,  67.05% completed)
Starting dt of size  1.0000000000000E+00 (CFL 0.800,  67.10% completed)
Starting dt of size  1.0000000000000E+00 (CFL 0.800,  67.15% completed)
Starting dt of size  1.0000000000000E+00 (CFL 0.800,  67.20% completed)
Starting dt of size  1.0000000000000E+00 (CFL 0.800,  67.25% completed)
Starting dt of size  1.0000000000000E+00 (CFL 0.800,  67.30% completed)
Starting dt of size  1.0000000000000E+00 (CFL 0.800,  67.35% completed)
Starting dt of size  1.0000000000000E+00 (CFL 0.800,  67.40% completed)
Starting dt of size  1.0000000000000E+00 (CFL 0.800,  67.45% completed)
Starting dt of size  1.0000000000000E+00 (CFL 0.800,  67.50% completed)
Starting dt of size  1.0000000000000E+00 (CFL 0.800,  67.55% completed)
Starting dt of size  1.0000000000000E+00 (CFL 0.800,  67.60% completed)
Starting dt of size  1.0000000000000E+00 (CFL 0.800,  67.65% completed)
Starting dt of size  1.0000000000000E+00 (CFL 0.800,  67.70% completed)
Starting dt of size  1.0000000000000E+00 (CFL 0.800,  67.75% completed)
Starting dt of size  1.0000000000000E+00 (CFL 0.800,  67.80% completed)
Starting dt of size  1.0000000000000E+00 (CFL 0.800,  67.85% completed)
Starting dt of size  1.0000000000000E+00 (CFL 0.800,  67.90% completed)
Starting dt of size  1.0000000000000E+00 (CFL 0.800,  67.95% completed)
Starting dt of size  1.0000000000000E+00 (CFL 0.800,  68.00% completed)
Starting dt of size  1.0000000000000E+00 (CFL 0.800,  68.05% completed)
Starting dt of size  1.0000000000000E+00 (CFL 0.800,  68.10% completed)
Starting dt of size  1.0000000000000E+00 (CFL 0.800,  68.15% completed)
Starting dt of size  1.0000000000000E+00 (CFL 0.800,  68.20% completed)
Starting dt of size  1.0000000000000E+00 (CFL 0.800,  68.25% completed)
Starting dt of size  1.0000000000000E+00 (CFL 0.800,  68.30% completed)
Starting dt of size  1.0000000000000E+00 (CFL 0.800,  68.35% completed)
Starting dt of size  1.0000000000000E+00 (CFL 0.800,  68.40% completed)
Starting dt of size  1.0000000000000E+00 (CFL 0.800,  68.45% completed)
Starting dt of size  1.0000000000000E+00 (CFL 0.800,  68.50% completed)
Starting dt of size  1.0000000000000E+00 (CFL 0.800,  68.55% completed)
Starting dt of size  1.0000000000000E+00 (CFL 0.800,  68.60% completed)
Starting dt of size  1.0000000000000E+00 (CFL 0.800,  68.65% completed)
Starting dt of size  1.0000000000000E+00 (CFL 0.800,  68.70% completed)
Starting dt of size  1.0000000000000E+00 (CFL 0.800,  68.75% completed)
Starting dt of size  1.0000000000000E+00 (CFL 0.800,  68.80% completed)
Starting dt of size  1.0000000000000E+00 (CFL 0.800,  68.85% completed)
Starting dt of size  1.0000000000000E+00 (CFL 0.800,  68.90% completed)
Starting dt of size  1.0000000000000E+00 (CFL 0.800,  68.95% completed)
Starting dt of size  1.0000000000000E+00 (CFL 0.800,  69.00% completed)
Starting dt of size  1.0000000000000E+00 (CFL 0.800,  69.05% completed)
Starting dt of size  1.0000000000000E+00 (CFL 0.800,  69.10% completed)
Starting dt of size  1.0000000000000E+00 (CFL 0.800,  69.15% completed)
Starting dt of size  1.0000000000000E+00 (CFL 0.800,  69.20% completed)
Starting dt of size  1.0000000000000E+00 (CFL 0.800,  69.25% completed)
Starting dt of size  1.0000000000000E+00 (CFL 0.800,  69.30% completed)
Starting dt of size  1.0000000000000E+00 (CFL 0.800,  69.35% completed)
Starting dt of size  1.0000000000000E+00 (CFL 0.800,  69.40% completed)
Starting dt of size  1.0000000000000E+00 (CFL 0.800,  69.45% completed)
Starting dt of size  1.0000000000000E+00 (CFL 0.800,  69.50% completed)
Starting dt of size  1.0000000000000E+00 (CFL 0.800,  69.55% completed)
Starting dt of size  1.0000000000000E+00 (CFL 0.800,  69.60% completed)
Starting dt of size  1.0000000000000E+00 (CFL 0.800,  69.65% completed)
Starting dt of size  1.0000000000000E+00 (CFL 0.800,  69.70% completed)
Starting dt of size  1.0000000000000E+00 (CFL 0.800,  69.75% completed)
Starting dt of size  1.0000000000000E+00 (CFL 0.800,  69.80% completed)
Starting dt of size  1.0000000000000E+00 (CFL 0.800,  69.85% completed)
Starting dt of size  1.0000000000000E+00 (CFL 0.800,  69.90% completed)
Starting dt of size  1.0000000000000E+00 (CFL 0.800,  69.95% completed)
Starting dt of size  1.0000000000000E+00 (CFL 0.800,  70.00% completed)
Starting dt of size  1.0000000000000E+00 (CFL 0.800,  70.05% completed)
Starting dt of size  1.0000000000000E+00 (CFL 0.800,  70.10% completed)
Starting dt of size  1.0000000000000E+00 (CFL 0.800,  70.15% completed)
Starting dt of size  1.0000000000000E+00 (CFL 0.800,  70.20% completed)
Starting dt of size  1.0000000000000E+00 (CFL 0.800,  70.25% completed)
Starting dt of size  1.0000000000000E+00 (CFL 0.800,  70.30% completed)
Starting dt of size  1.0000000000000E+00 (CFL 0.800,  70.35% completed)
Starting dt of size  1.0000000000000E+00 (CFL 0.800,  70.40% completed)
Starting dt of size  1.0000000000000E+00 (CFL 0.800,  70.45% completed)
Starting dt of size  1.0000000000000E+00 (CFL 0.800,  70.50% completed)
Starting dt of size  1.0000000000000E+00 (CFL 0.800,  70.55% completed)
Starting dt of size  1.0000000000000E+00 (CFL 0.800,  70.60% completed)
Starting dt of size  1.0000000000000E+00 (CFL 0.800,  70.65% completed)
Starting dt of size  1.0000000000000E+00 (CFL 0.800,  70.70% completed)
Starting dt of size  1.0000000000000E+00 (CFL 0.800,  70.75% completed)
Starting dt of size  1.0000000000000E+00 (CFL 0.800,  70.80% completed)
Starting dt of size  1.0000000000000E+00 (CFL 0.800,  70.85% completed)
Starting dt of size  1.0000000000000E+00 (CFL 0.800,  70.90% completed)
Starting dt of size  1.0000000000000E+00 (CFL 0.800,  70.95% completed)
Starting dt of size  1.0000000000000E+00 (CFL 0.800,  71.00% completed)
Starting dt of size  1.0000000000000E+00 (CFL 0.800,  71.05% completed)
Starting dt of size  1.0000000000000E+00 (CFL 0.800,  71.10% completed)
Starting dt of size  1.0000000000000E+00 (CFL 0.800,  71.15% completed)
Starting dt of size  1.0000000000000E+00 (CFL 0.800,  71.20% completed)
Starting dt of size  1.0000000000000E+00 (CFL 0.800,  71.25% completed)
Starting dt of size  1.0000000000000E+00 (CFL 0.800,  71.30% completed)
Starting dt of size  1.0000000000000E+00 (CFL 0.800,  71.35% completed)
Starting dt of size  1.0000000000000E+00 (CFL 0.800,  71.40% completed)
Starting dt of size  1.0000000000000E+00 (CFL 0.800,  71.45% completed)
Starting dt of size  1.0000000000000E+00 (CFL 0.800,  71.50% completed)
Starting dt of size  1.0000000000000E+00 (CFL 0.800,  71.55% completed)
Starting dt of size  1.0000000000000E+00 (CFL 0.800,  71.60% completed)
Starting dt of size  1.0000000000000E+00 (CFL 0.800,  71.65% completed)
Starting dt of size  1.0000000000000E+00 (CFL 0.800,  71.70% completed)
Starting dt of size  1.0000000000000E+00 (CFL 0.800,  71.75% completed)
Starting dt of size  1.0000000000000E+00 (CFL 0.800,  71.80% completed)
Starting dt of size  1.0000000000000E+00 (CFL 0.800,  71.85% completed)
Starting dt of size  1.0000000000000E+00 (CFL 0.800,  71.90% completed)
Starting dt of size  1.0000000000000E+00 (CFL 0.800,  71.95% completed)
Starting dt of size  1.0000000000000E+00 (CFL 0.800,  72.00% completed)
Starting dt of size  1.0000000000000E+00 (CFL 0.800,  72.05% completed)
Starting dt of size  1.0000000000000E+00 (CFL 0.800,  72.10% completed)
Starting dt of size  1.0000000000000E+00 (CFL 0.800,  72.15% completed)
Starting dt of size  1.0000000000000E+00 (CFL 0.800,  72.20% completed)
Starting dt of size  1.0000000000000E+00 (CFL 0.800,  72.25% completed)
Starting dt of size  1.0000000000000E+00 (CFL 0.800,  72.30% completed)
Starting dt of size  1.0000000000000E+00 (CFL 0.800,  72.35% completed)
Starting dt of size  1.0000000000000E+00 (CFL 0.800,  72.40% completed)
Starting dt of size  1.0000000000000E+00 (CFL 0.800,  72.45% completed)
Starting dt of size  1.0000000000000E+00 (CFL 0.800,  72.50% completed)
Starting dt of size  1.0000000000000E+00 (CFL 0.800,  72.55% completed)
Starting dt of size  1.0000000000000E+00 (CFL 0.800,  72.60% completed)
Starting dt of size  1.0000000000000E+00 (CFL 0.800,  72.65% completed)
Starting dt of size  1.0000000000000E+00 (CFL 0.800,  72.70% completed)
Starting dt of size  1.0000000000000E+00 (CFL 0.800,  72.75% completed)
Starting dt of size  1.0000000000000E+00 (CFL 0.800,  72.80% completed)
Starting dt of size  1.0000000000000E+00 (CFL 0.800,  72.85% completed)
Starting dt of size  1.0000000000000E+00 (CFL 0.800,  72.90% completed)
Starting dt of size  1.0000000000000E+00 (CFL 0.800,  72.95% completed)
Starting dt of size  1.0000000000000E+00 (CFL 0.800,  73.00% completed)
Starting dt of size  1.0000000000000E+00 (CFL 0.800,  73.05% completed)
Starting dt of size  1.0000000000000E+00 (CFL 0.800,  73.10% completed)
Starting dt of size  1.0000000000000E+00 (CFL 0.800,  73.15% completed)
Starting dt of size  1.0000000000000E+00 (CFL 0.800,  73.20% completed)
Starting dt of size  1.0000000000000E+00 (CFL 0.800,  73.25% completed)
Starting dt of size  1.0000000000000E+00 (CFL 0.800,  73.30% completed)
Starting dt of size  1.0000000000000E+00 (CFL 0.800,  73.35% completed)
Starting dt of size  1.0000000000000E+00 (CFL 0.800,  73.40% completed)
Starting dt of size  1.0000000000000E+00 (CFL 0.800,  73.45% completed)
Starting dt of size  1.0000000000000E+00 (CFL 0.800,  73.50% completed)
Starting dt of size  1.0000000000000E+00 (CFL 0.800,  73.55% completed)
Starting dt of size  1.0000000000000E+00 (CFL 0.800,  73.60% completed)
Starting dt of size  1.0000000000000E+00 (CFL 0.800,  73.65% completed)
Starting dt of size  1.0000000000000E+00 (CFL 0.800,  73.70% completed)
Starting dt of size  1.0000000000000E+00 (CFL 0.800,  73.75% completed)
Starting dt of size  1.0000000000000E+00 (CFL 0.800,  73.80% completed)
Starting dt of size  1.0000000000000E+00 (CFL 0.800,  73.85% completed)
Starting dt of size  1.0000000000000E+00 (CFL 0.800,  73.90% completed)
Starting dt of size  1.0000000000000E+00 (CFL 0.800,  73.95% completed)
Starting dt of size  1.0000000000000E+00 (CFL 0.800,  74.00% completed)
Starting dt of size  1.0000000000000E+00 (CFL 0.800,  74.05% completed)
Starting dt of size  1.0000000000000E+00 (CFL 0.800,  74.10% completed)
Starting dt of size  1.0000000000000E+00 (CFL 0.800,  74.15% completed)
Starting dt of size  1.0000000000000E+00 (CFL 0.800,  74.20% completed)
Starting dt of size  1.0000000000000E+00 (CFL 0.800,  74.25% completed)
Starting dt of size  1.0000000000000E+00 (CFL 0.800,  74.30% completed)
Starting dt of size  1.0000000000000E+00 (CFL 0.800,  74.35% completed)
Starting dt of size  1.0000000000000E+00 (CFL 0.800,  74.40% completed)
Starting dt of size  1.0000000000000E+00 (CFL 0.800,  74.45% completed)
Starting dt of size  1.0000000000000E+00 (CFL 0.800,  74.50% completed)
Starting dt of size  1.0000000000000E+00 (CFL 0.800,  74.55% completed)
Starting dt of size  1.0000000000000E+00 (CFL 0.800,  74.60% completed)
Starting dt of size  1.0000000000000E+00 (CFL 0.800,  74.65% completed)
Starting dt of size  1.0000000000000E+00 (CFL 0.800,  74.70% completed)
Starting dt of size  1.0000000000000E+00 (CFL 0.800,  74.75% completed)
Starting dt of size  1.0000000000000E+00 (CFL 0.800,  74.80% completed)
Starting dt of size  1.0000000000000E+00 (CFL 0.800,  74.85% completed)
Starting dt of size  1.0000000000000E+00 (CFL 0.800,  74.90% completed)
Starting dt of size  1.0000000000000E+00 (CFL 0.800,  74.95% completed)
Starting dt of size  1.0000000000000E+00 (CFL 0.800,  75.00% completed)
Starting dt of size  1.0000000000000E+00 (CFL 0.800,  75.05% completed)
Starting dt of size  1.0000000000000E+00 (CFL 0.800,  75.10% completed)
Starting dt of size  1.0000000000000E+00 (CFL 0.800,  75.15% completed)
Starting dt of size  1.0000000000000E+00 (CFL 0.800,  75.20% completed)
Starting dt of size  1.0000000000000E+00 (CFL 0.800,  75.25% completed)
Starting dt of size  1.0000000000000E+00 (CFL 0.800,  75.30% completed)
Starting dt of size  1.0000000000000E+00 (CFL 0.800,  75.35% completed)
Starting dt of size  1.0000000000000E+00 (CFL 0.800,  75.40% completed)
Starting dt of size  1.0000000000000E+00 (CFL 0.800,  75.45% completed)
Starting dt of size  1.0000000000000E+00 (CFL 0.800,  75.50% completed)
Starting dt of size  1.0000000000000E+00 (CFL 0.800,  75.55% completed)
Starting dt of size  1.0000000000000E+00 (CFL 0.800,  75.60% completed)
Starting dt of size  1.0000000000000E+00 (CFL 0.800,  75.65% completed)
Starting dt of size  1.0000000000000E+00 (CFL 0.800,  75.70% completed)
Starting dt of size  1.0000000000000E+00 (CFL 0.800,  75.75% completed)
Starting dt of size  1.0000000000000E+00 (CFL 0.800,  75.80% completed)
Starting dt of size  1.0000000000000E+00 (CFL 0.800,  75.85% completed)
Starting dt of size  1.0000000000000E+00 (CFL 0.800,  75.90% completed)
Starting dt of size  1.0000000000000E+00 (CFL 0.800,  75.95% completed)
Starting dt of size  1.0000000000000E+00 (CFL 0.800,  76.00% completed)
Starting dt of size  1.0000000000000E+00 (CFL 0.800,  76.05% completed)
Starting dt of size  1.0000000000000E+00 (CFL 0.800,  76.10% completed)
Starting dt of size  1.0000000000000E+00 (CFL 0.800,  76.15% completed)
Starting dt of size  1.0000000000000E+00 (CFL 0.800,  76.20% completed)
Starting dt of size  1.0000000000000E+00 (CFL 0.800,  76.25% completed)
Starting dt of size  1.0000000000000E+00 (CFL 0.800,  76.30% completed)
Starting dt of size  1.0000000000000E+00 (CFL 0.800,  76.35% completed)
Starting dt of size  1.0000000000000E+00 (CFL 0.800,  76.40% completed)
Starting dt of size  1.0000000000000E+00 (CFL 0.800,  76.45% completed)
Starting dt of size  1.0000000000000E+00 (CFL 0.800,  76.50% completed)
Starting dt of size  1.0000000000000E+00 (CFL 0.800,  76.55% completed)
Starting dt of size  1.0000000000000E+00 (CFL 0.800,  76.60% completed)
Starting dt of size  1.0000000000000E+00 (CFL 0.800,  76.65% completed)
Starting dt of size  1.0000000000000E+00 (CFL 0.800,  76.70% completed)
Starting dt of size  1.0000000000000E+00 (CFL 0.800,  76.75% completed)
Starting dt of size  1.0000000000000E+00 (CFL 0.800,  76.80% completed)
Starting dt of size  1.0000000000000E+00 (CFL 0.800,  76.85% completed)
Starting dt of size  1.0000000000000E+00 (CFL 0.800,  76.90% completed)
Starting dt of size  1.0000000000000E+00 (CFL 0.800,  76.95% completed)
Starting dt of size  1.0000000000000E+00 (CFL 0.800,  77.00% completed)
Starting dt of size  1.0000000000000E+00 (CFL 0.800,  77.05% completed)
Starting dt of size  1.0000000000000E+00 (CFL 0.800,  77.10% completed)
Starting dt of size  1.0000000000000E+00 (CFL 0.800,  77.15% completed)
Starting dt of size  1.0000000000000E+00 (CFL 0.800,  77.20% completed)
Starting dt of size  1.0000000000000E+00 (CFL 0.800,  77.25% completed)
Starting dt of size  1.0000000000000E+00 (CFL 0.800,  77.30% completed)
Starting dt of size  1.0000000000000E+00 (CFL 0.800,  77.35% completed)
Starting dt of size  1.0000000000000E+00 (CFL 0.800,  77.40% completed)
Starting dt of size  1.0000000000000E+00 (CFL 0.800,  77.45% completed)
Starting dt of size  1.0000000000000E+00 (CFL 0.800,  77.50% completed)
Starting dt of size  1.0000000000000E+00 (CFL 0.800,  77.55% completed)
Starting dt of size  1.0000000000000E+00 (CFL 0.800,  77.60% completed)
Starting dt of size  1.0000000000000E+00 (CFL 0.800,  77.65% completed)
Starting dt of size  1.0000000000000E+00 (CFL 0.800,  77.70% completed)
Starting dt of size  1.0000000000000E+00 (CFL 0.800,  77.75% completed)
Starting dt of size  1.0000000000000E+00 (CFL 0.800,  77.80% completed)
Starting dt of size  1.0000000000000E+00 (CFL 0.800,  77.85% completed)
Starting dt of size  1.0000000000000E+00 (CFL 0.800,  77.90% completed)
Starting dt of size  1.0000000000000E+00 (CFL 0.800,  77.95% completed)
Starting dt of size  1.0000000000000E+00 (CFL 0.800,  78.00% completed)
Starting dt of size  1.0000000000000E+00 (CFL 0.800,  78.05% completed)
Starting dt of size  1.0000000000000E+00 (CFL 0.800,  78.10% completed)
Starting dt of size  1.0000000000000E+00 (CFL 0.800,  78.15% completed)
Starting dt of size  1.0000000000000E+00 (CFL 0.800,  78.20% completed)
Starting dt of size  1.0000000000000E+00 (CFL 0.800,  78.25% completed)
Starting dt of size  1.0000000000000E+00 (CFL 0.800,  78.30% completed)
Starting dt of size  1.0000000000000E+00 (CFL 0.800,  78.35% completed)
Starting dt of size  1.0000000000000E+00 (CFL 0.800,  78.40% completed)
Starting dt of size  1.0000000000000E+00 (CFL 0.800,  78.45% completed)
Starting dt of size  1.0000000000000E+00 (CFL 0.800,  78.50% completed)
Starting dt of size  1.0000000000000E+00 (CFL 0.800,  78.55% completed)
Starting dt of size  1.0000000000000E+00 (CFL 0.800,  78.60% completed)
Starting dt of size  1.0000000000000E+00 (CFL 0.800,  78.65% completed)
Starting dt of size  1.0000000000000E+00 (CFL 0.800,  78.70% completed)
Starting dt of size  1.0000000000000E+00 (CFL 0.800,  78.75% completed)
Starting dt of size  1.0000000000000E+00 (CFL 0.800,  78.80% completed)
Starting dt of size  1.0000000000000E+00 (CFL 0.800,  78.85% completed)
Starting dt of size  1.0000000000000E+00 (CFL 0.800,  78.90% completed)
Starting dt of size  1.0000000000000E+00 (CFL 0.800,  78.95% completed)
Starting dt of size  1.0000000000000E+00 (CFL 0.800,  79.00% completed)
Starting dt of size  1.0000000000000E+00 (CFL 0.800,  79.05% completed)
Starting dt of size  1.0000000000000E+00 (CFL 0.800,  79.10% completed)
Starting dt of size  1.0000000000000E+00 (CFL 0.800,  79.15% completed)
Starting dt of size  1.0000000000000E+00 (CFL 0.800,  79.20% completed)
Starting dt of size  1.0000000000000E+00 (CFL 0.800,  79.25% completed)
Starting dt of size  1.0000000000000E+00 (CFL 0.800,  79.30% completed)
Starting dt of size  1.0000000000000E+00 (CFL 0.800,  79.35% completed)
Starting dt of size  1.0000000000000E+00 (CFL 0.800,  79.40% completed)
Starting dt of size  1.0000000000000E+00 (CFL 0.800,  79.45% completed)
Starting dt of size  1.0000000000000E+00 (CFL 0.800,  79.50% completed)
Starting dt of size  1.0000000000000E+00 (CFL 0.800,  79.55% completed)
Starting dt of size  1.0000000000000E+00 (CFL 0.800,  79.60% completed)
Starting dt of size  1.0000000000000E+00 (CFL 0.800,  79.65% completed)
Starting dt of size  1.0000000000000E+00 (CFL 0.800,  79.70% completed)
Starting dt of size  1.0000000000000E+00 (CFL 0.800,  79.75% completed)
Starting dt of size  1.0000000000000E+00 (CFL 0.800,  79.80% completed)
Starting dt of size  1.0000000000000E+00 (CFL 0.800,  79.85% completed)
Starting dt of size  1.0000000000000E+00 (CFL 0.800,  79.90% completed)
Starting dt of size  1.0000000000000E+00 (CFL 0.800,  79.95% completed)
Starting dt of size  1.0000000000000E+00 (CFL 0.800,  80.00% completed)
Starting dt of size  1.0000000000000E+00 (CFL 0.800,  80.05% completed)
Starting dt of size  1.0000000000000E+00 (CFL 0.800,  80.10% completed)
Starting dt of size  1.0000000000000E+00 (CFL 0.800,  80.15% completed)
Starting dt of size  1.0000000000000E+00 (CFL 0.800,  80.20% completed)
Starting dt of size  1.0000000000000E+00 (CFL 0.800,  80.25% completed)
Starting dt of size  1.0000000000000E+00 (CFL 0.800,  80.30% completed)
Starting dt of size  1.0000000000000E+00 (CFL 0.800,  80.35% completed)
Starting dt of size  1.0000000000000E+00 (CFL 0.800,  80.40% completed)
Starting dt of size  1.0000000000000E+00 (CFL 0.800,  80.45% completed)
Starting dt of size  1.0000000000000E+00 (CFL 0.800,  80.50% completed)
Starting dt of size  1.0000000000000E+00 (CFL 0.800,  80.55% completed)
Starting dt of size  1.0000000000000E+00 (CFL 0.800,  80.60% completed)
Starting dt of size  1.0000000000000E+00 (CFL 0.800,  80.65% completed)
Starting dt of size  1.0000000000000E+00 (CFL 0.800,  80.70% completed)
Starting dt of size  1.0000000000000E+00 (CFL 0.800,  80.75% completed)
Starting dt of size  1.0000000000000E+00 (CFL 0.800,  80.80% completed)
Starting dt of size  1.0000000000000E+00 (CFL 0.800,  80.85% completed)
Starting dt of size  1.0000000000000E+00 (CFL 0.800,  80.90% completed)
Starting dt of size  1.0000000000000E+00 (CFL 0.800,  80.95% completed)
Starting dt of size  1.0000000000000E+00 (CFL 0.800,  81.00% completed)
Starting dt of size  1.0000000000000E+00 (CFL 0.800,  81.05% completed)
Starting dt of size  1.0000000000000E+00 (CFL 0.800,  81.10% completed)
Starting dt of size  1.0000000000000E+00 (CFL 0.800,  81.15% completed)
Starting dt of size  1.0000000000000E+00 (CFL 0.800,  81.20% completed)
Starting dt of size  1.0000000000000E+00 (CFL 0.800,  81.25% completed)
Starting dt of size  1.0000000000000E+00 (CFL 0.800,  81.30% completed)
Starting dt of size  1.0000000000000E+00 (CFL 0.800,  81.35% completed)
Starting dt of size  1.0000000000000E+00 (CFL 0.800,  81.40% completed)
Starting dt of size  1.0000000000000E+00 (CFL 0.800,  81.45% completed)
Starting dt of size  1.0000000000000E+00 (CFL 0.800,  81.50% completed)
Starting dt of size  1.0000000000000E+00 (CFL 0.800,  81.55% completed)
Starting dt of size  1.0000000000000E+00 (CFL 0.800,  81.60% completed)
Starting dt of size  1.0000000000000E+00 (CFL 0.800,  81.65% completed)
Starting dt of size  1.0000000000000E+00 (CFL 0.800,  81.70% completed)
Starting dt of size  1.0000000000000E+00 (CFL 0.800,  81.75% completed)
Starting dt of size  1.0000000000000E+00 (CFL 0.800,  81.80% completed)
Starting dt of size  1.0000000000000E+00 (CFL 0.800,  81.85% completed)
Starting dt of size  1.0000000000000E+00 (CFL 0.800,  81.90% completed)
Starting dt of size  1.0000000000000E+00 (CFL 0.800,  81.95% completed)
Starting dt of size  1.0000000000000E+00 (CFL 0.800,  82.00% completed)
Starting dt of size  1.0000000000000E+00 (CFL 0.800,  82.05% completed)
Starting dt of size  1.0000000000000E+00 (CFL 0.800,  82.10% completed)
Starting dt of size  1.0000000000000E+00 (CFL 0.800,  82.15% completed)
Starting dt of size  1.0000000000000E+00 (CFL 0.800,  82.20% completed)
Starting dt of size  1.0000000000000E+00 (CFL 0.800,  82.25% completed)
Starting dt of size  1.0000000000000E+00 (CFL 0.800,  82.30% completed)
Starting dt of size  1.0000000000000E+00 (CFL 0.800,  82.35% completed)
Starting dt of size  1.0000000000000E+00 (CFL 0.800,  82.40% completed)
Starting dt of size  1.0000000000000E+00 (CFL 0.800,  82.45% completed)
Starting dt of size  1.0000000000000E+00 (CFL 0.800,  82.50% completed)
Starting dt of size  1.0000000000000E+00 (CFL 0.800,  82.55% completed)
Starting dt of size  1.0000000000000E+00 (CFL 0.800,  82.60% completed)
Starting dt of size  1.0000000000000E+00 (CFL 0.800,  82.65% completed)
Starting dt of size  1.0000000000000E+00 (CFL 0.800,  82.70% completed)
Starting dt of size  1.0000000000000E+00 (CFL 0.800,  82.75% completed)
Starting dt of size  1.0000000000000E+00 (CFL 0.800,  82.80% completed)
Starting dt of size  1.0000000000000E+00 (CFL 0.800,  82.85% completed)
Starting dt of size  1.0000000000000E+00 (CFL 0.800,  82.90% completed)
Starting dt of size  1.0000000000000E+00 (CFL 0.800,  82.95% completed)
Starting dt of size  1.0000000000000E+00 (CFL 0.800,  83.00% completed)
Starting dt of size  1.0000000000000E+00 (CFL 0.800,  83.05% completed)
Starting dt of size  1.0000000000000E+00 (CFL 0.800,  83.10% completed)
Starting dt of size  1.0000000000000E+00 (CFL 0.800,  83.15% completed)
Starting dt of size  1.0000000000000E+00 (CFL 0.800,  83.20% completed)
Starting dt of size  1.0000000000000E+00 (CFL 0.800,  83.25% completed)
Starting dt of size  1.0000000000000E+00 (CFL 0.800,  83.30% completed)
Starting dt of size  1.0000000000000E+00 (CFL 0.800,  83.35% completed)
Starting dt of size  1.0000000000000E+00 (CFL 0.800,  83.40% completed)
Starting dt of size  1.0000000000000E+00 (CFL 0.800,  83.45% completed)
Starting dt of size  1.0000000000000E+00 (CFL 0.800,  83.50% completed)
Starting dt of size  1.0000000000000E+00 (CFL 0.800,  83.55% completed)
Starting dt of size  1.0000000000000E+00 (CFL 0.800,  83.60% completed)
Starting dt of size  1.0000000000000E+00 (CFL 0.800,  83.65% completed)
Starting dt of size  1.0000000000000E+00 (CFL 0.800,  83.70% completed)
Starting dt of size  1.0000000000000E+00 (CFL 0.800,  83.75% completed)
Starting dt of size  1.0000000000000E+00 (CFL 0.800,  83.80% completed)
Starting dt of size  1.0000000000000E+00 (CFL 0.800,  83.85% completed)
Starting dt of size  1.0000000000000E+00 (CFL 0.800,  83.90% completed)
Starting dt of size  1.0000000000000E+00 (CFL 0.800,  83.95% completed)
Starting dt of size  1.0000000000000E+00 (CFL 0.800,  84.00% completed)
Starting dt of size  1.0000000000000E+00 (CFL 0.800,  84.05% completed)
Starting dt of size  1.0000000000000E+00 (CFL 0.800,  84.10% completed)
Starting dt of size  1.0000000000000E+00 (CFL 0.800,  84.15% completed)
Starting dt of size  1.0000000000000E+00 (CFL 0.800,  84.20% completed)
Starting dt of size  1.0000000000000E+00 (CFL 0.800,  84.25% completed)
Starting dt of size  1.0000000000000E+00 (CFL 0.800,  84.30% completed)
Starting dt of size  1.0000000000000E+00 (CFL 0.800,  84.35% completed)
Starting dt of size  1.0000000000000E+00 (CFL 0.800,  84.40% completed)
Starting dt of size  1.0000000000000E+00 (CFL 0.800,  84.45% completed)
Starting dt of size  1.0000000000000E+00 (CFL 0.800,  84.50% completed)
Starting dt of size  1.0000000000000E+00 (CFL 0.800,  84.55% completed)
Starting dt of size  1.0000000000000E+00 (CFL 0.800,  84.60% completed)
Starting dt of size  1.0000000000000E+00 (CFL 0.800,  84.65% completed)
Starting dt of size  1.0000000000000E+00 (CFL 0.800,  84.70% completed)
Starting dt of size  1.0000000000000E+00 (CFL 0.800,  84.75% completed)
Starting dt of size  1.0000000000000E+00 (CFL 0.800,  84.80% completed)
Starting dt of size  1.0000000000000E+00 (CFL 0.800,  84.85% completed)
Starting dt of size  1.0000000000000E+00 (CFL 0.800,  84.90% completed)
Starting dt of size  1.0000000000000E+00 (CFL 0.800,  84.95% completed)
Starting dt of size  1.0000000000000E+00 (CFL 0.800,  85.00% completed)
Starting dt of size  1.0000000000000E+00 (CFL 0.800,  85.05% completed)
Starting dt of size  1.0000000000000E+00 (CFL 0.800,  85.10% completed)
Starting dt of size  1.0000000000000E+00 (CFL 0.800,  85.15% completed)
Starting dt of size  1.0000000000000E+00 (CFL 0.800,  85.20% completed)
Starting dt of size  1.0000000000000E+00 (CFL 0.800,  85.25% completed)
Starting dt of size  1.0000000000000E+00 (CFL 0.800,  85.30% completed)
Starting dt of size  1.0000000000000E+00 (CFL 0.800,  85.35% completed)
Starting dt of size  1.0000000000000E+00 (CFL 0.800,  85.40% completed)
Starting dt of size  1.0000000000000E+00 (CFL 0.800,  85.45% completed)
Starting dt of size  1.0000000000000E+00 (CFL 0.800,  85.50% completed)
Starting dt of size  1.0000000000000E+00 (CFL 0.800,  85.55% completed)
Starting dt of size  1.0000000000000E+00 (CFL 0.800,  85.60% completed)
Starting dt of size  1.0000000000000E+00 (CFL 0.800,  85.65% completed)
Starting dt of size  1.0000000000000E+00 (CFL 0.800,  85.70% completed)
Starting dt of size  1.0000000000000E+00 (CFL 0.800,  85.75% completed)
Starting dt of size  1.0000000000000E+00 (CFL 0.800,  85.80% completed)
Starting dt of size  1.0000000000000E+00 (CFL 0.800,  85.85% completed)
Starting dt of size  1.0000000000000E+00 (CFL 0.800,  85.90% completed)
Starting dt of size  1.0000000000000E+00 (CFL 0.800,  85.95% completed)
Starting dt of size  1.0000000000000E+00 (CFL 0.800,  86.00% completed)
Starting dt of size  1.0000000000000E+00 (CFL 0.800,  86.05% completed)
Starting dt of size  1.0000000000000E+00 (CFL 0.800,  86.10% completed)
Starting dt of size  1.0000000000000E+00 (CFL 0.800,  86.15% completed)
Starting dt of size  1.0000000000000E+00 (CFL 0.800,  86.20% completed)
Starting dt of size  1.0000000000000E+00 (CFL 0.800,  86.25% completed)
Starting dt of size  1.0000000000000E+00 (CFL 0.800,  86.30% completed)
Starting dt of size  1.0000000000000E+00 (CFL 0.800,  86.35% completed)
Starting dt of size  1.0000000000000E+00 (CFL 0.800,  86.40% completed)
Starting dt of size  1.0000000000000E+00 (CFL 0.800,  86.45% completed)
Starting dt of size  1.0000000000000E+00 (CFL 0.800,  86.50% completed)
Starting dt of size  1.0000000000000E+00 (CFL 0.800,  86.55% completed)
Starting dt of size  1.0000000000000E+00 (CFL 0.800,  86.60% completed)
Starting dt of size  1.0000000000000E+00 (CFL 0.800,  86.65% completed)
Starting dt of size  1.0000000000000E+00 (CFL 0.800,  86.70% completed)
Starting dt of size  1.0000000000000E+00 (CFL 0.800,  86.75% completed)
Starting dt of size  1.0000000000000E+00 (CFL 0.800,  86.80% completed)
Starting dt of size  1.0000000000000E+00 (CFL 0.800,  86.85% completed)
Starting dt of size  1.0000000000000E+00 (CFL 0.800,  86.90% completed)
Starting dt of size  1.0000000000000E+00 (CFL 0.800,  86.95% completed)
Starting dt of size  1.0000000000000E+00 (CFL 0.800,  87.00% completed)
Starting dt of size  1.0000000000000E+00 (CFL 0.800,  87.05% completed)
Starting dt of size  1.0000000000000E+00 (CFL 0.800,  87.10% completed)
Starting dt of size  1.0000000000000E+00 (CFL 0.800,  87.15% completed)
Starting dt of size  1.0000000000000E+00 (CFL 0.800,  87.20% completed)
Starting dt of size  1.0000000000000E+00 (CFL 0.800,  87.25% completed)
Starting dt of size  1.0000000000000E+00 (CFL 0.800,  87.30% completed)
Starting dt of size  1.0000000000000E+00 (CFL 0.800,  87.35% completed)
Starting dt of size  1.0000000000000E+00 (CFL 0.800,  87.40% completed)
Starting dt of size  1.0000000000000E+00 (CFL 0.800,  87.45% completed)
Starting dt of size  1.0000000000000E+00 (CFL 0.800,  87.50% completed)
Starting dt of size  1.0000000000000E+00 (CFL 0.800,  87.55% completed)
Starting dt of size  1.0000000000000E+00 (CFL 0.800,  87.60% completed)
Starting dt of size  1.0000000000000E+00 (CFL 0.800,  87.65% completed)
Starting dt of size  1.0000000000000E+00 (CFL 0.800,  87.70% completed)
Starting dt of size  1.0000000000000E+00 (CFL 0.800,  87.75% completed)
Starting dt of size  1.0000000000000E+00 (CFL 0.800,  87.80% completed)
Starting dt of size  1.0000000000000E+00 (CFL 0.800,  87.85% completed)
Starting dt of size  1.0000000000000E+00 (CFL 0.800,  87.90% completed)
Starting dt of size  1.0000000000000E+00 (CFL 0.800,  87.95% completed)
Starting dt of size  1.0000000000000E+00 (CFL 0.800,  88.00% completed)
Starting dt of size  1.0000000000000E+00 (CFL 0.800,  88.05% completed)
Starting dt of size  1.0000000000000E+00 (CFL 0.800,  88.10% completed)
Starting dt of size  1.0000000000000E+00 (CFL 0.800,  88.15% completed)
Starting dt of size  1.0000000000000E+00 (CFL 0.800,  88.20% completed)
Starting dt of size  1.0000000000000E+00 (CFL 0.800,  88.25% completed)
Starting dt of size  1.0000000000000E+00 (CFL 0.800,  88.30% completed)
Starting dt of size  1.0000000000000E+00 (CFL 0.800,  88.35% completed)
Starting dt of size  1.0000000000000E+00 (CFL 0.800,  88.40% completed)
Starting dt of size  1.0000000000000E+00 (CFL 0.800,  88.45% completed)
Starting dt of size  1.0000000000000E+00 (CFL 0.800,  88.50% completed)
Starting dt of size  1.0000000000000E+00 (CFL 0.800,  88.55% completed)
Starting dt of size  1.0000000000000E+00 (CFL 0.800,  88.60% completed)
Starting dt of size  1.0000000000000E+00 (CFL 0.800,  88.65% completed)
Starting dt of size  1.0000000000000E+00 (CFL 0.800,  88.70% completed)
Starting dt of size  1.0000000000000E+00 (CFL 0.800,  88.75% completed)
Starting dt of size  1.0000000000000E+00 (CFL 0.800,  88.80% completed)
Starting dt of size  1.0000000000000E+00 (CFL 0.800,  88.85% completed)
Starting dt of size  1.0000000000000E+00 (CFL 0.800,  88.90% completed)
Starting dt of size  1.0000000000000E+00 (CFL 0.800,  88.95% completed)
Starting dt of size  1.0000000000000E+00 (CFL 0.800,  89.00% completed)
Starting dt of size  1.0000000000000E+00 (CFL 0.800,  89.05% completed)
Starting dt of size  1.0000000000000E+00 (CFL 0.800,  89.10% completed)
Starting dt of size  1.0000000000000E+00 (CFL 0.800,  89.15% completed)
Starting dt of size  1.0000000000000E+00 (CFL 0.800,  89.20% completed)
Starting dt of size  1.0000000000000E+00 (CFL 0.800,  89.25% completed)
Starting dt of size  1.0000000000000E+00 (CFL 0.800,  89.30% completed)
Starting dt of size  1.0000000000000E+00 (CFL 0.800,  89.35% completed)
Starting dt of size  1.0000000000000E+00 (CFL 0.800,  89.40% completed)
Starting dt of size  1.0000000000000E+00 (CFL 0.800,  89.45% completed)
Starting dt of size  1.0000000000000E+00 (CFL 0.800,  89.50% completed)
Starting dt of size  1.0000000000000E+00 (CFL 0.800,  89.55% completed)
Starting dt of size  1.0000000000000E+00 (CFL 0.800,  89.60% completed)
Starting dt of size  1.0000000000000E+00 (CFL 0.800,  89.65% completed)
Starting dt of size  1.0000000000000E+00 (CFL 0.800,  89.70% completed)
Starting dt of size  1.0000000000000E+00 (CFL 0.800,  89.75% completed)
Starting dt of size  1.0000000000000E+00 (CFL 0.800,  89.80% completed)
Starting dt of size  1.0000000000000E+00 (CFL 0.800,  89.85% completed)
Starting dt of size  1.0000000000000E+00 (CFL 0.800,  89.90% completed)
Starting dt of size  1.0000000000000E+00 (CFL 0.800,  89.95% completed)
Starting dt of size  1.0000000000000E+00 (CFL 0.800,  90.00% completed)
Starting dt of size  1.0000000000000E+00 (CFL 0.800,  90.05% completed)
Starting dt of size  1.0000000000000E+00 (CFL 0.800,  90.10% completed)
Starting dt of size  1.0000000000000E+00 (CFL 0.800,  90.15% completed)
Starting dt of size  1.0000000000000E+00 (CFL 0.800,  90.20% completed)
Starting dt of size  1.0000000000000E+00 (CFL 0.800,  90.25% completed)
Starting dt of size  1.0000000000000E+00 (CFL 0.800,  90.30% completed)
Starting dt of size  1.0000000000000E+00 (CFL 0.800,  90.35% completed)
Starting dt of size  1.0000000000000E+00 (CFL 0.800,  90.40% completed)
Starting dt of size  1.0000000000000E+00 (CFL 0.800,  90.45% completed)
Starting dt of size  1.0000000000000E+00 (CFL 0.800,  90.50% completed)
Starting dt of size  1.0000000000000E+00 (CFL 0.800,  90.55% completed)
Starting dt of size  1.0000000000000E+00 (CFL 0.800,  90.60% completed)
Starting dt of size  1.0000000000000E+00 (CFL 0.800,  90.65% completed)
Starting dt of size  1.0000000000000E+00 (CFL 0.800,  90.70% completed)
Starting dt of size  1.0000000000000E+00 (CFL 0.800,  90.75% completed)
Starting dt of size  1.0000000000000E+00 (CFL 0.800,  90.80% completed)
Starting dt of size  1.0000000000000E+00 (CFL 0.800,  90.85% completed)
Starting dt of size  1.0000000000000E+00 (CFL 0.800,  90.90% completed)
Starting dt of size  1.0000000000000E+00 (CFL 0.800,  90.95% completed)
Starting dt of size  1.0000000000000E+00 (CFL 0.800,  91.00% completed)
Starting dt of size  1.0000000000000E+00 (CFL 0.800,  91.05% completed)
Starting dt of size  1.0000000000000E+00 (CFL 0.800,  91.10% completed)
Starting dt of size  1.0000000000000E+00 (CFL 0.800,  91.15% completed)
Starting dt of size  1.0000000000000E+00 (CFL 0.800,  91.20% completed)
Starting dt of size  1.0000000000000E+00 (CFL 0.800,  91.25% completed)
Starting dt of size  1.0000000000000E+00 (CFL 0.800,  91.30% completed)
Starting dt of size  1.0000000000000E+00 (CFL 0.800,  91.35% completed)
Starting dt of size  1.0000000000000E+00 (CFL 0.800,  91.40% completed)
Starting dt of size  1.0000000000000E+00 (CFL 0.800,  91.45% completed)
Starting dt of size  1.0000000000000E+00 (CFL 0.800,  91.50% completed)
Starting dt of size  1.0000000000000E+00 (CFL 0.800,  91.55% completed)
Starting dt of size  1.0000000000000E+00 (CFL 0.800,  91.60% completed)
Starting dt of size  1.0000000000000E+00 (CFL 0.800,  91.65% completed)
Starting dt of size  1.0000000000000E+00 (CFL 0.800,  91.70% completed)
Starting dt of size  1.0000000000000E+00 (CFL 0.800,  91.75% completed)
Starting dt of size  1.0000000000000E+00 (CFL 0.800,  91.80% completed)
Starting dt of size  1.0000000000000E+00 (CFL 0.800,  91.85% completed)
Starting dt of size  1.0000000000000E+00 (CFL 0.800,  91.90% completed)
Starting dt of size  1.0000000000000E+00 (CFL 0.800,  91.95% completed)
Starting dt of size  1.0000000000000E+00 (CFL 0.800,  92.00% completed)
Starting dt of size  1.0000000000000E+00 (CFL 0.800,  92.05% completed)
Starting dt of size  1.0000000000000E+00 (CFL 0.800,  92.10% completed)
Starting dt of size  1.0000000000000E+00 (CFL 0.800,  92.15% completed)
Starting dt of size  1.0000000000000E+00 (CFL 0.800,  92.20% completed)
Starting dt of size  1.0000000000000E+00 (CFL 0.800,  92.25% completed)
Starting dt of size  1.0000000000000E+00 (CFL 0.800,  92.30% completed)
Starting dt of size  1.0000000000000E+00 (CFL 0.800,  92.35% completed)
Starting dt of size  1.0000000000000E+00 (CFL 0.800,  92.40% completed)
Starting dt of size  1.0000000000000E+00 (CFL 0.800,  92.45% completed)
Starting dt of size  1.0000000000000E+00 (CFL 0.800,  92.50% completed)
Starting dt of size  1.0000000000000E+00 (CFL 0.800,  92.55% completed)
Starting dt of size  1.0000000000000E+00 (CFL 0.800,  92.60% completed)
Starting dt of size  1.0000000000000E+00 (CFL 0.800,  92.65% completed)
Starting dt of size  1.0000000000000E+00 (CFL 0.800,  92.70% completed)
Starting dt of size  1.0000000000000E+00 (CFL 0.800,  92.75% completed)
Starting dt of size  1.0000000000000E+00 (CFL 0.800,  92.80% completed)
Starting dt of size  1.0000000000000E+00 (CFL 0.800,  92.85% completed)
Starting dt of size  1.0000000000000E+00 (CFL 0.800,  92.90% completed)
Starting dt of size  1.0000000000000E+00 (CFL 0.800,  92.95% completed)
Starting dt of size  1.0000000000000E+00 (CFL 0.800,  93.00% completed)
Starting dt of size  1.0000000000000E+00 (CFL 0.800,  93.05% completed)
Starting dt of size  1.0000000000000E+00 (CFL 0.800,  93.10% completed)
Starting dt of size  1.0000000000000E+00 (CFL 0.800,  93.15% completed)
Starting dt of size  1.0000000000000E+00 (CFL 0.800,  93.20% completed)
Starting dt of size  1.0000000000000E+00 (CFL 0.800,  93.25% completed)
Starting dt of size  1.0000000000000E+00 (CFL 0.800,  93.30% completed)
Starting dt of size  1.0000000000000E+00 (CFL 0.800,  93.35% completed)
Starting dt of size  1.0000000000000E+00 (CFL 0.800,  93.40% completed)
Starting dt of size  1.0000000000000E+00 (CFL 0.800,  93.45% completed)
Starting dt of size  1.0000000000000E+00 (CFL 0.800,  93.50% completed)
Starting dt of size  1.0000000000000E+00 (CFL 0.800,  93.55% completed)
Starting dt of size  1.0000000000000E+00 (CFL 0.800,  93.60% completed)
Starting dt of size  1.0000000000000E+00 (CFL 0.800,  93.65% completed)
Starting dt of size  1.0000000000000E+00 (CFL 0.800,  93.70% completed)
Starting dt of size  1.0000000000000E+00 (CFL 0.800,  93.75% completed)
Starting dt of size  1.0000000000000E+00 (CFL 0.800,  93.80% completed)
Starting dt of size  1.0000000000000E+00 (CFL 0.800,  93.85% completed)
Starting dt of size  1.0000000000000E+00 (CFL 0.800,  93.90% completed)
Starting dt of size  1.0000000000000E+00 (CFL 0.800,  93.95% completed)
Starting dt of size  1.0000000000000E+00 (CFL 0.800,  94.00% completed)
Starting dt of size  1.0000000000000E+00 (CFL 0.800,  94.05% completed)
Starting dt of size  1.0000000000000E+00 (CFL 0.800,  94.10% completed)
Starting dt of size  1.0000000000000E+00 (CFL 0.800,  94.15% completed)
Starting dt of size  1.0000000000000E+00 (CFL 0.800,  94.20% completed)
Starting dt of size  1.0000000000000E+00 (CFL 0.800,  94.25% completed)
Starting dt of size  1.0000000000000E+00 (CFL 0.800,  94.30% completed)
Starting dt of size  1.0000000000000E+00 (CFL 0.800,  94.35% completed)
Starting dt of size  1.0000000000000E+00 (CFL 0.800,  94.40% completed)
Starting dt of size  1.0000000000000E+00 (CFL 0.800,  94.45% completed)
Starting dt of size  1.0000000000000E+00 (CFL 0.800,  94.50% completed)
Starting dt of size  1.0000000000000E+00 (CFL 0.800,  94.55% completed)
Starting dt of size  1.0000000000000E+00 (CFL 0.800,  94.60% completed)
Starting dt of size  1.0000000000000E+00 (CFL 0.800,  94.65% completed)
Starting dt of size  1.0000000000000E+00 (CFL 0.800,  94.70% completed)
Starting dt of size  1.0000000000000E+00 (CFL 0.800,  94.75% completed)
Starting dt of size  1.0000000000000E+00 (CFL 0.800,  94.80% completed)
Starting dt of size  1.0000000000000E+00 (CFL 0.800,  94.85% completed)
Starting dt of size  1.0000000000000E+00 (CFL 0.800,  94.90% completed)
Starting dt of size  1.0000000000000E+00 (CFL 0.800,  94.95% completed)
Starting dt of size  1.0000000000000E+00 (CFL 0.800,  95.00% completed)
Starting dt of size  1.0000000000000E+00 (CFL 0.800,  95.05% completed)
Starting dt of size  1.0000000000000E+00 (CFL 0.800,  95.10% completed)
Starting dt of size  1.0000000000000E+00 (CFL 0.800,  95.15% completed)
Starting dt of size  1.0000000000000E+00 (CFL 0.800,  95.20% completed)
Starting dt of size  1.0000000000000E+00 (CFL 0.800,  95.25% completed)
Starting dt of size  1.0000000000000E+00 (CFL 0.800,  95.30% completed)
Starting dt of size  1.0000000000000E+00 (CFL 0.800,  95.35% completed)
Starting dt of size  1.0000000000000E+00 (CFL 0.800,  95.40% completed)
Starting dt of size  1.0000000000000E+00 (CFL 0.800,  95.45% completed)
Starting dt of size  1.0000000000000E+00 (CFL 0.800,  95.50% completed)
Starting dt of size  1.0000000000000E+00 (CFL 0.800,  95.55% completed)
Starting dt of size  1.0000000000000E+00 (CFL 0.800,  95.60% completed)
Starting dt of size  1.0000000000000E+00 (CFL 0.800,  95.65% completed)
Starting dt of size  1.0000000000000E+00 (CFL 0.800,  95.70% completed)
Starting dt of size  1.0000000000000E+00 (CFL 0.800,  95.75% completed)
Starting dt of size  1.0000000000000E+00 (CFL 0.800,  95.80% completed)
Starting dt of size  1.0000000000000E+00 (CFL 0.800,  95.85% completed)
Starting dt of size  1.0000000000000E+00 (CFL 0.800,  95.90% completed)
Starting dt of size  1.0000000000000E+00 (CFL 0.800,  95.95% completed)
Starting dt of size  1.0000000000000E+00 (CFL 0.800,  96.00% completed)
Starting dt of size  1.0000000000000E+00 (CFL 0.800,  96.05% completed)
Starting dt of size  1.0000000000000E+00 (CFL 0.800,  96.10% completed)
Starting dt of size  1.0000000000000E+00 (CFL 0.800,  96.15% completed)
Starting dt of size  1.0000000000000E+00 (CFL 0.800,  96.20% completed)
Starting dt of size  1.0000000000000E+00 (CFL 0.800,  96.25% completed)
Starting dt of size  1.0000000000000E+00 (CFL 0.800,  96.30% completed)
Starting dt of size  1.0000000000000E+00 (CFL 0.800,  96.35% completed)
Starting dt of size  1.0000000000000E+00 (CFL 0.800,  96.40% completed)
Starting dt of size  1.0000000000000E+00 (CFL 0.800,  96.45% completed)
Starting dt of size  1.0000000000000E+00 (CFL 0.800,  96.50% completed)
Starting dt of size  1.0000000000000E+00 (CFL 0.800,  96.55% completed)
Starting dt of size  1.0000000000000E+00 (CFL 0.800,  96.60% completed)
Starting dt of size  1.0000000000000E+00 (CFL 0.800,  96.65% completed)
Starting dt of size  1.0000000000000E+00 (CFL 0.800,  96.70% completed)
Starting dt of size  1.0000000000000E+00 (CFL 0.800,  96.75% completed)
Starting dt of size  1.0000000000000E+00 (CFL 0.800,  96.80% completed)
Starting dt of size  1.0000000000000E+00 (CFL 0.800,  96.85% completed)
Starting dt of size  1.0000000000000E+00 (CFL 0.800,  96.90% completed)
Starting dt of size  1.0000000000000E+00 (CFL 0.800,  96.95% completed)
Starting dt of size  1.0000000000000E+00 (CFL 0.800,  97.00% completed)
Starting dt of size  1.0000000000000E+00 (CFL 0.800,  97.05% completed)
Starting dt of size  1.0000000000000E+00 (CFL 0.800,  97.10% completed)
Starting dt of size  1.0000000000000E+00 (CFL 0.800,  97.15% completed)
Starting dt of size  1.0000000000000E+00 (CFL 0.800,  97.20% completed)
Starting dt of size  1.0000000000000E+00 (CFL 0.800,  97.25% completed)
Starting dt of size  1.0000000000000E+00 (CFL 0.800,  97.30% completed)
Starting dt of size  1.0000000000000E+00 (CFL 0.800,  97.35% completed)
Starting dt of size  1.0000000000000E+00 (CFL 0.800,  97.40% completed)
Starting dt of size  1.0000000000000E+00 (CFL 0.800,  97.45% completed)
Starting dt of size  1.0000000000000E+00 (CFL 0.800,  97.50% completed)
Starting dt of size  1.0000000000000E+00 (CFL 0.800,  97.55% completed)
Starting dt of size  1.0000000000000E+00 (CFL 0.800,  97.60% completed)
Starting dt of size  1.0000000000000E+00 (CFL 0.800,  97.65% completed)
Starting dt of size  1.0000000000000E+00 (CFL 0.800,  97.70% completed)
Starting dt of size  1.0000000000000E+00 (CFL 0.800,  97.75% completed)
Starting dt of size  1.0000000000000E+00 (CFL 0.800,  97.80% completed)
Starting dt of size  1.0000000000000E+00 (CFL 0.800,  97.85% completed)
Starting dt of size  1.0000000000000E+00 (CFL 0.800,  97.90% completed)
Starting dt of size  1.0000000000000E+00 (CFL 0.800,  97.95% completed)
Starting dt of size  1.0000000000000E+00 (CFL 0.800,  98.00% completed)
Starting dt of size  1.0000000000000E+00 (CFL 0.800,  98.05% completed)
Starting dt of size  1.0000000000000E+00 (CFL 0.800,  98.10% completed)
Starting dt of size  1.0000000000000E+00 (CFL 0.800,  98.15% completed)
Starting dt of size  1.0000000000000E+00 (CFL 0.800,  98.20% completed)
Starting dt of size  1.0000000000000E+00 (CFL 0.800,  98.25% completed)
Starting dt of size  1.0000000000000E+00 (CFL 0.800,  98.30% completed)
Starting dt of size  1.0000000000000E+00 (CFL 0.800,  98.35% completed)
Starting dt of size  1.0000000000000E+00 (CFL 0.800,  98.40% completed)
Starting dt of size  1.0000000000000E+00 (CFL 0.800,  98.45% completed)
Starting dt of size  1.0000000000000E+00 (CFL 0.800,  98.50% completed)
Starting dt of size  1.0000000000000E+00 (CFL 0.800,  98.55% completed)
Starting dt of size  1.0000000000000E+00 (CFL 0.800,  98.60% completed)
Starting dt of size  1.0000000000000E+00 (CFL 0.800,  98.65% completed)
Starting dt of size  1.0000000000000E+00 (CFL 0.800,  98.70% completed)
Starting dt of size  1.0000000000000E+00 (CFL 0.800,  98.75% completed)
Starting dt of size  1.0000000000000E+00 (CFL 0.800,  98.80% completed)
Starting dt of size  1.0000000000000E+00 (CFL 0.800,  98.85% completed)
Starting dt of size  1.0000000000000E+00 (CFL 0.800,  98.90% completed)
Starting dt of size  1.0000000000000E+00 (CFL 0.800,  98.95% completed)
Starting dt of size  1.0000000000000E+00 (CFL 0.800,  99.00% completed)
Starting dt of size  1.0000000000000E+00 (CFL 0.800,  99.05% completed)
Starting dt of size  1.0000000000000E+00 (CFL 0.800,  99.10% completed)
Starting dt of size  1.0000000000000E+00 (CFL 0.800,  99.15% completed)
Starting dt of size  1.0000000000000E+00 (CFL 0.800,  99.20% completed)
Starting dt of size  1.0000000000000E+00 (CFL 0.800,  99.25% completed)
Starting dt of size  1.0000000000000E+00 (CFL 0.800,  99.30% completed)
Starting dt of size  1.0000000000000E+00 (CFL 0.800,  99.35% completed)
Starting dt of size  1.0000000000000E+00 (CFL 0.800,  99.40% completed)
Starting dt of size  1.0000000000000E+00 (CFL 0.800,  99.45% completed)
Starting dt of size  1.0000000000000E+00 (CFL 0.800,  99.50% completed)
Starting dt of size  1.0000000000000E+00 (CFL 0.800,  99.55% completed)
Starting dt of size  1.0000000000000E+00 (CFL 0.800,  99.60% completed)
Starting dt of size  1.0000000000000E+00 (CFL 0.800,  99.65% completed)
Starting dt of size  1.0000000000000E+00 (CFL 0.800,  99.70% completed)
Starting dt of size  1.0000000000000E+00 (CFL 0.800,  99.75% completed)
Starting dt of size  1.0000000000000E+00 (CFL 0.800,  99.80% completed)
Starting dt of size  1.0000000000000E+00 (CFL 0.800,  99.85% completed)
Starting dt of size  1.0000000000000E+00 (CFL 0.800,  99.90% completed)
Starting dt of size  1.0000000000000E+00 (CFL 0.800,  99.95% completed)
Global sample written ( 2000 s ).
 Multiflash: License released
LedaFlow (end)
[Report]message progress:Extracting property: Iterations[ReportEnd]
[Report]progress:0.002564102564102564[ReportEnd]
[Report]message progress:Extracting property: Residual[ReportEnd]
[Report]progress:0.005128205128205128[ReportEnd]
[Report]message progress:Extracting property: Restarts[ReportEnd]
[Report]progress:0.007692307692307692[ReportEnd]
[Report]message progress:Extracting property: Time consumption[ReportEnd]
[Report]progress:0.010256410256410256[ReportEnd]
[Report]message progress:Extracting property: Time step[ReportEnd]
[Report]progress:0.01282051282051282[ReportEnd]
[Report]message progress:Extracting property: Pressure drop[ReportEnd]
[Report]progress:0.017094017094017092[ReportEnd]
[Report]message progress:Extracting property: Total masses[ReportEnd]
[Report]progress:0.021367521367521368[ReportEnd]
[Report]message progress:Extracting property: Total volumes[ReportEnd]
[Report]progress:0.02564102564102564[ReportEnd]
[Report]message progress:Extracting property: Mass flow rate[ReportEnd]
[Report]progress:0.03205128205128205[ReportEnd]
[Report]message progress:Extracting property: Pressure[ReportEnd]
[Report]progress:0.038461538461538464[ReportEnd]
[Report]message progress:Extracting property: Mass flow rate[ReportEnd]
[Report]progress:0.04487179487179487[ReportEnd]
[Report]message progress:Extracting property: Pressure[ReportEnd]
[Report]progress:0.05128205128205128[ReportEnd]
[Report]message progress:Extracting property: Pressure drop[ReportEnd]
[Report]progress:0.05555555555555555[ReportEnd]
[Report]message progress:Extracting property: Total masses[ReportEnd]
[Report]progress:0.059829059829059825[ReportEnd]
[Report]message progress:Extracting property: Total volumes[ReportEnd]
[Report]progress:0.0641025641025641[ReportEnd]
[Report]message progress:Extracting property: Mass flow rate[ReportEnd]
[Report]progress:0.07051282051282051[ReportEnd]
[Report]message progress:Extracting property: Pressure[ReportEnd]
[Report]progress:0.07692307692307693[ReportEnd]
[Report]message progress:Extracting property: Mass flow rate[ReportEnd]
[Report]progress:0.08333333333333334[ReportEnd]
[Report]message progress:Extracting property: Pressure[ReportEnd]
[Report]progress:0.08974358974358974[ReportEnd]
[Report]message progress:Extracting property: Pressure drop[ReportEnd]
[Report]progress:0.09401709401709402[ReportEnd]
[Report]message progress:Extracting property: Total masses[ReportEnd]
[Report]progress:0.09829059829059829[ReportEnd]
[Report]message progress:Extracting property: Total volumes[ReportEnd]
[Report]progress:0.10256410256410256[ReportEnd]
[Report]message progress:Extracting property: Mass flow rate[ReportEnd]
[Report]progress:0.10897435897435898[ReportEnd]
[Report]message progress:Extracting property: Pressure[ReportEnd]
[Report]progress:0.11538461538461538[ReportEnd]
[Report]message progress:Extracting property: Mass flow rate[ReportEnd]
[Report]progress:0.12179487179487178[ReportEnd]
[Report]message progress:Extracting property: Pressure[ReportEnd]
[Report]progress:0.1282051282051282[ReportEnd]
[Report]message progress:Extracting property: Efficiency[ReportEnd]
[Report]progress:0.12948717948717947[ReportEnd]
[Report]message progress:Extracting property: Gas volume fraction[ReportEnd]
[Report]progress:0.13076923076923075[ReportEnd]
[Report]message progress:Extracting property: Mixture density[ReportEnd]
[Report]progress:0.13205128205128205[ReportEnd]
[Report]message progress:Extracting property: Power[ReportEnd]
[Report]progress:0.13333333333333333[ReportEnd]
[Report]message progress:Extracting property: Pressure boost[ReportEnd]
[Report]progress:0.1346153846153846[ReportEnd]
[Report]message progress:Extracting property: Pump curves pressure[ReportEnd]
[Report]progress:0.1358974358974359[ReportEnd]
[Report]message progress:Extracting property: Pump curves volume flow rate[ReportEnd]
[Report]progress:0.13717948717948716[ReportEnd]
[Report]message progress:Extracting property: Speed[ReportEnd]
[Report]progress:0.13846153846153847[ReportEnd]
[Report]message progress:Extracting property: Status[ReportEnd]
[Report]progress:0.13974358974358975[ReportEnd]
[Report]message progress:Extracting property: Total volume flow rate[ReportEnd]
[Report]progress:0.14102564102564102[ReportEnd]
[Report]message progress:Extracting property: Mass flow rate[ReportEnd]
[Report]progress:0.14358974358974358[ReportEnd]
[Report]message progress:Extracting property: Opening fraction[ReportEnd]
[Report]progress:0.14615384615384616[ReportEnd]
[Report]message progress:Extracting property: Pressure Left[ReportEnd]
[Report]progress:0.14871794871794872[ReportEnd]
[Report]message progress:Extracting property: Pressure Right[ReportEnd]
[Report]progress:0.1512820512820513[ReportEnd]
[Report]message progress:Extracting property: Pressure drop[ReportEnd]
[Report]progress:0.15384615384615385[ReportEnd]
[Report]message progress:Extracting property: Mass flow rate[ReportEnd]
[Report]progress:0.1564102564102564[ReportEnd]
[Report]message progress:Extracting property: Opening fraction[ReportEnd]
[Report]progress:0.15897435897435896[ReportEnd]
[Report]message progress:Extracting property: Pressure Left[ReportEnd]
[Report]progress:0.16153846153846155[ReportEnd]
[Report]message progress:Extracting property: Pressure Right[ReportEnd]
[Report]progress:0.1641025641025641[ReportEnd]
[Report]message progress:Extracting property: Pressure drop[ReportEnd]
[Report]progress:0.16666666666666666[ReportEnd]
[Report]message progress:Extracting property: Mass flow rate[ReportEnd]
[Report]progress:0.1692307692307692[ReportEnd]
[Report]message progress:Extracting property: Opening fraction[ReportEnd]
[Report]progress:0.1717948717948718[ReportEnd]
[Report]message progress:Extracting property: Pressure Left[ReportEnd]
[Report]progress:0.17435897435897435[ReportEnd]
[Report]message progress:Extracting property: Pressure Right[ReportEnd]
[Report]progress:0.17692307692307693[ReportEnd]
[Report]message progress:Extracting property: Pressure drop[ReportEnd]
[Report]progress:0.1794871794871795[ReportEnd]
[Report]message progress:Extracting property: Mass flow rate[ReportEnd]
[Report]progress:0.18205128205128204[ReportEnd]
[Report]message progress:Extracting property: Opening fraction[ReportEnd]
[Report]progress:0.1846153846153846[ReportEnd]
[Report]message progress:Extracting property: Pressure Left[ReportEnd]
[Report]progress:0.18717948717948718[ReportEnd]
[Report]message progress:Extracting property: Pressure Right[ReportEnd]
[Report]progress:0.18974358974358974[ReportEnd]
[Report]message progress:Extracting property: Pressure drop[ReportEnd]
[Report]progress:0.1923076923076923[ReportEnd]
[Report]message progress:Extracting property: Well Total mass flowrate[ReportEnd]
[Report]progress:0.19487179487179485[ReportEnd]
[Report]message progress:Extracting property: Well zone BHP[ReportEnd]
[Report]progress:0.19743589743589743[ReportEnd]
[Report]message progress:Extracting property: Well zone BHT[ReportEnd]
[Report]progress:0.19999999999999998[ReportEnd]
[Report]message progress:Extracting property: Well zone mass flowrate[ReportEnd]
[Report]progress:0.20256410256410257[ReportEnd]
[Report]message progress:Extracting property: Well zone standard volume flowrate[ReportEnd]
[Report]progress:0.20512820512820512[ReportEnd]
[Report]message progress:Extracting property: Well Total mass flowrate[ReportEnd]
[Report]progress:0.20769230769230768[ReportEnd]
[Report]message progress:Extracting property: Well zone BHP[ReportEnd]
[Report]progress:0.21025641025641026[ReportEnd]
[Report]message progress:Extracting property: Well zone BHT[ReportEnd]
[Report]progress:0.2128205128205128[ReportEnd]
[Report]message progress:Extracting property: Well zone mass flowrate[ReportEnd]
[Report]progress:0.2153846153846154[ReportEnd]
[Report]message progress:Extracting property: Well zone standard volume flowrate[ReportEnd]
[Report]progress:0.21794871794871795[ReportEnd]
[Report]message progress:Extracting property: Well Total mass flowrate[ReportEnd]
[Report]progress:0.2205128205128205[ReportEnd]
[Report]message progress:Extracting property: Well zone BHP[ReportEnd]
[Report]progress:0.22307692307692306[ReportEnd]
[Report]message progress:Extracting property: Well zone BHT[ReportEnd]
[Report]progress:0.22564102564102564[ReportEnd]
[Report]message progress:Extracting property: Well zone mass flowrate[ReportEnd]
[Report]progress:0.2282051282051282[ReportEnd]
[Report]message progress:Extracting property: Well zone standard volume flowrate[ReportEnd]
[Report]progress:0.23076923076923075[ReportEnd]
[Report]message progress:Extracting property: Well Total mass flowrate[ReportEnd]
[Report]progress:0.2333333333333333[ReportEnd]
[Report]message progress:Extracting property: Well zone BHP[ReportEnd]
[Report]progress:0.2358974358974359[ReportEnd]
[Report]message progress:Extracting property: Well zone BHT[ReportEnd]
[Report]progress:0.23846153846153845[ReportEnd]
[Report]message progress:Extracting property: Well zone mass flowrate[ReportEnd]
[Report]progress:0.24102564102564103[ReportEnd]
[Report]message progress:Extracting property: Well zone standard volume flowrate[ReportEnd]
[Report]progress:0.24358974358974358[ReportEnd]
[Report]message progress:Extracting property: Pressure drop[ReportEnd]
[Report]progress:0.24786324786324784[ReportEnd]
[Report]message progress:Extracting property: Total masses[ReportEnd]
[Report]progress:0.25213675213675213[ReportEnd]
[Report]message progress:Extracting property: Total volumes[ReportEnd]
[Report]progress:0.2564102564102564[ReportEnd]
[Report]message progress:Extracting property: Pressure[ReportEnd]
[Report]progress:0.2692307692307692[ReportEnd]
[Report]message progress:Extracting property: Mass flow rate[ReportEnd]
[Report]progress:0.27564102564102566[ReportEnd]
[Report]message progress:Extracting property: Pressure[ReportEnd]
[Report]progress:0.28205128205128205[ReportEnd]
[Report]message progress:Extracting property: Pressure drop[ReportEnd]
[Report]progress:0.2863247863247863[ReportEnd]
[Report]message progress:Extracting property: Total masses[ReportEnd]
[Report]progress:0.2905982905982906[ReportEnd]
[Report]message progress:Extracting property: Total volumes[ReportEnd]
[Report]progress:0.2948717948717949[ReportEnd]
[Report]message progress:Extracting property: Pressure[ReportEnd]
[Report]progress:0.3076923076923077[ReportEnd]
[Report]message progress:Extracting property: Mass flow rate[ReportEnd]
[Report]progress:0.3141025641025641[ReportEnd]
[Report]message progress:Extracting property: Pressure[ReportEnd]
[Report]progress:0.3205128205128205[ReportEnd]
[Report]message progress:Extracting property: Pressure drop[ReportEnd]
[Report]progress:0.32478632478632474[ReportEnd]
[Report]message progress:Extracting property: Total masses[ReportEnd]
[Report]progress:0.32905982905982906[ReportEnd]
[Report]message progress:Extracting property: Total volumes[ReportEnd]
[Report]progress:0.3333333333333333[ReportEnd]
[Report]message progress:Extracting property: Pressure[ReportEnd]
[Report]progress:0.34615384615384615[ReportEnd]
[Report]message progress:Extracting property: Mass flow rate[ReportEnd]
[Report]progress:0.35256410256410253[ReportEnd]
[Report]message progress:Extracting property: Pressure[ReportEnd]
[Report]progress:0.358974358974359[ReportEnd]
[Report]message progress:Extracting property: Pressure drop[ReportEnd]
[Report]progress:0.36324786324786323[ReportEnd]
[Report]message progress:Extracting property: Total masses[ReportEnd]
[Report]progress:0.36752136752136755[ReportEnd]
[Report]message progress:Extracting property: Total volumes[ReportEnd]
[Report]progress:0.3717948717948718[ReportEnd]
[Report]message progress:Extracting property: Pressure[ReportEnd]
[Report]progress:0.3846153846153846[ReportEnd]
[Report]message progress:Extracting property: Mass flow rate[ReportEnd]
[Report]progress:0.39102564102564097[ReportEnd]
[Report]message progress:Extracting property: Pressure[ReportEnd]
[Report]progress:0.3974358974358974[ReportEnd]
[Report]message progress:Extracting property: Accumulated volume[ReportEnd]
[Report]progress:0.3990384615384615[ReportEnd]
[Report]message progress:Extracting property: Average temperature[ReportEnd]
[Report]progress:0.4006410256410256[ReportEnd]
[Report]message progress:Extracting property: Mass flow rate[ReportEnd]
[Report]progress:0.4022435897435897[ReportEnd]
[Report]message progress:Extracting property: Mass fraction[ReportEnd]
[Report]progress:0.40384615384615385[ReportEnd]
[Report]message progress:Extracting property: Pressure[ReportEnd]
[Report]progress:0.40544871794871795[ReportEnd]
[Report]message progress:Extracting property: Standard volume flow rate[ReportEnd]
[Report]progress:0.40705128205128205[ReportEnd]
[Report]message progress:Extracting property: Temperature[ReportEnd]
[Report]progress:0.40865384615384615[ReportEnd]
[Report]message progress:Extracting property: Volume fraction[ReportEnd]
[Report]progress:0.41025641025641024[ReportEnd]
[Report]message progress:Extracting property: Mass flow rate[ReportEnd]
[Report]progress:0.41666666666666663[ReportEnd]
[Report]message progress:Extracting property: Pressure[ReportEnd]
[Report]progress:0.4230769230769231[ReportEnd]
[Report]message progress:Extracting property: Mass flow rate[ReportEnd]
[Report]progress:0.4294871794871795[ReportEnd]
[Report]message progress:Extracting property: Pressure[ReportEnd]
[Report]progress:0.4358974358974359[ReportEnd]
[Report]message progress:Extracting property: Average temperature[ReportEnd]
[Report]progress:0.44017094017094016[ReportEnd]
[Report]message progress:Extracting property: Mass flow rate[ReportEnd]
[Report]progress:0.4444444444444444[ReportEnd]
[Report]message progress:Extracting property: Pressure[ReportEnd]
[Report]progress:0.4487179487179487[ReportEnd]
[Report]message progress:Extracting property: Average temperature[ReportEnd]
[Report]progress:0.45299145299145294[ReportEnd]
[Report]message progress:Extracting property: Mass flow rate[ReportEnd]
[Report]progress:0.45726495726495725[ReportEnd]
[Report]message progress:Extracting property: Pressure[ReportEnd]
[Report]progress:0.4615384615384615[ReportEnd]
[Report]message progress:Extracting property: Mass flow rate[ReportEnd]
[Report]progress:0.46794871794871795[ReportEnd]
[Report]message progress:Extracting property: Pressure[ReportEnd]
[Report]progress:0.47435897435897434[ReportEnd]
[Report]message progress:Extracting property: Average temperature[ReportEnd]
[Report]progress:0.4786324786324786[ReportEnd]
[Report]message progress:Extracting property: Mass flow rate[ReportEnd]
[Report]progress:0.4829059829059829[ReportEnd]
[Report]message progress:Extracting property: Pressure[ReportEnd]
[Report]progress:0.48717948717948717[ReportEnd]
[Report]message progress:Extracting property: Average temperature[ReportEnd]
[Report]progress:0.49145299145299143[ReportEnd]
[Report]message progress:Extracting property: Mass flow rate[ReportEnd]
[Report]progress:0.49572649572649574[ReportEnd]
[Report]message progress:Extracting property: Pressure[ReportEnd]
[Report]progress:0.5[ReportEnd]
[Report]progress:0.5024875621890548[ReportEnd]
[Report]message progress:Trends: writing time sample 10 s[ReportEnd]
[Report]progress:0.5124378109452736[ReportEnd]
[Report]message progress:Trends: writing time sample 50 s[ReportEnd]
[Report]progress:0.5223880597014925[ReportEnd]
[Report]message progress:Trends: writing time sample 90 s[ReportEnd]
[Report]progress:0.5323383084577115[ReportEnd]
[Report]message progress:Trends: writing time sample 130 s[ReportEnd]
[Report]progress:0.5422885572139303[ReportEnd]
[Report]message progress:Trends: writing time sample 170 s[ReportEnd]
[Report]progress:0.5522388059701493[ReportEnd]
[Report]message progress:Trends: writing time sample 210 s[ReportEnd]
[Report]progress:0.5621890547263682[ReportEnd]
[Report]message progress:Trends: writing time sample 250 s[ReportEnd]
[Report]progress:0.572139303482587[ReportEnd]
[Report]message progress:Trends: writing time sample 290 s[ReportEnd]
[Report]progress:0.582089552238806[ReportEnd]
[Report]message progress:Trends: writing time sample 330 s[ReportEnd]
[Report]progress:0.5920398009950248[ReportEnd]
[Report]message progress:Trends: writing time sample 370 s[ReportEnd]
[Report]progress:0.6019900497512438[ReportEnd]
[Report]message progress:Trends: writing time sample 410 s[ReportEnd]
[Report]progress:0.6119402985074627[ReportEnd]
[Report]message progress:Trends: writing time sample 450 s[ReportEnd]
[Report]progress:0.6218905472636815[ReportEnd]
[Report]message progress:Trends: writing time sample 490 s[ReportEnd]
[Report]progress:0.6318407960199005[ReportEnd]
[Report]message progress:Trends: writing time sample 530 s[ReportEnd]
[Report]progress:0.6417910447761194[ReportEnd]
[Report]message progress:Trends: writing time sample 570 s[ReportEnd]
[Report]progress:0.6517412935323383[ReportEnd]
[Report]message progress:Trends: writing time sample 610 s[ReportEnd]
[Report]progress:0.6616915422885572[ReportEnd]
[Report]message progress:Trends: writing time sample 650 s[ReportEnd]
[Report]progress:0.6716417910447761[ReportEnd]
[Report]message progress:Trends: writing time sample 690 s[ReportEnd]
[Report]progress:0.681592039800995[ReportEnd]
[Report]message progress:Trends: writing time sample 730 s[ReportEnd]
[Report]progress:0.6915422885572139[ReportEnd]
[Report]message progress:Trends: writing time sample 770 s[ReportEnd]
[Report]progress:0.7014925373134329[ReportEnd]
[Report]message progress:Trends: writing time sample 810 s[ReportEnd]
[Report]progress:0.7114427860696517[ReportEnd]
[Report]message progress:Trends: writing time sample 850 s[ReportEnd]
[Report]progress:0.7213930348258706[ReportEnd]
[Report]message progress:Trends: writing time sample 890 s[ReportEnd]
[Report]progress:0.7313432835820896[ReportEnd]
[Report]message progress:Trends: writing time sample 930 s[ReportEnd]
[Report]progress:0.7412935323383085[ReportEnd]
[Report]message progress:Trends: writing time sample 970 s[ReportEnd]
[Report]progress:0.7512437810945274[ReportEnd]
[Report]message progress:Trends: writing time sample 1010 s[ReportEnd]
[Report]progress:0.7611940298507462[ReportEnd]
[Report]message progress:Trends: writing time sample 1050 s[ReportEnd]
[Report]progress:0.7711442786069651[ReportEnd]
[Report]message progress:Trends: writing time sample 1090 s[ReportEnd]
[Report]progress:0.7810945273631841[ReportEnd]
[Report]message progress:Trends: writing time sample 1130 s[ReportEnd]
[Report]progress:0.791044776119403[ReportEnd]
[Report]message progress:Trends: writing time sample 1170 s[ReportEnd]
[Report]progress:0.8009950248756219[ReportEnd]
[Report]message progress:Trends: writing time sample 1210 s[ReportEnd]
[Report]progress:0.8109452736318408[ReportEnd]
[Report]message progress:Trends: writing time sample 1250 s[ReportEnd]
[Report]progress:0.8208955223880596[ReportEnd]
[Report]message progress:Trends: writing time sample 1290 s[ReportEnd]
[Report]progress:0.8308457711442786[ReportEnd]
[Report]message progress:Trends: writing time sample 1330 s[ReportEnd]
[Report]progress:0.8407960199004976[ReportEnd]
[Report]message progress:Trends: writing time sample 1370 s[ReportEnd]
[Report]progress:0.8507462686567164[ReportEnd]
[Report]message progress:Trends: writing time sample 1410 s[ReportEnd]
[Report]progress:0.8606965174129353[ReportEnd]
[Report]message progress:Trends: writing time sample 1450 s[ReportEnd]
[Report]progress:0.8706467661691542[ReportEnd]
[Report]message progress:Trends: writing time sample 1490 s[ReportEnd]
[Report]progress:0.8805970149253731[ReportEnd]
[Report]message progress:Trends: writing time sample 1530 s[ReportEnd]
[Report]progress:0.8905472636815921[ReportEnd]
[Report]message progress:Trends: writing time sample 1570 s[ReportEnd]
[Report]progress:0.900497512437811[ReportEnd]
[Report]message progress:Trends: writing time sample 1610 s[ReportEnd]
[Report]progress:0.9104477611940298[ReportEnd]
[Report]message progress:Trends: writing time sample 1650 s[ReportEnd]
[Report]progress:0.9203980099502487[ReportEnd]
[Report]message progress:Trends: writing time sample 1690 s[ReportEnd]
[Report]progress:0.9303482587064676[ReportEnd]
[Report]message progress:Trends: writing time sample 1730 s[ReportEnd]
[Report]progress:0.9402985074626866[ReportEnd]
[Report]message progress:Trends: writing time sample 1770 s[ReportEnd]
[Report]progress:0.9502487562189055[ReportEnd]
[Report]message progress:Trends: writing time sample 1810 s[ReportEnd]
[Report]progress:0.9601990049751243[ReportEnd]
[Report]message progress:Trends: writing time sample 1850 s[ReportEnd]
[Report]progress:0.9701492537313433[ReportEnd]
[Report]message progress:Trends: writing time sample 1890 s[ReportEnd]
[Report]progress:0.9800995024875622[ReportEnd]
[Report]message progress:Trends: writing time sample 1930 s[ReportEnd]
[Report]progress:0.9900497512437811[ReportEnd]
[Report]message progress:Trends: writing time sample 1970 s[ReportEnd]
[Report]file created:/home/archanak/projects/00 Code Templates/2027_FOCAPO_CPC/model_mismatch/case_final/steady_state_trends.csv[ReportEnd]
